Sale_ID,Date,Branch,Region,Product_ID,Product,Product_Category,Customer,Payment_Method,Unit_Price,Quantity,Discount,Total_Sales,Cost,Profit
S0001,2026-07-02,Colombo,Western,P018,Dish Wash,Household,Customer_067,Online,1271.88,9.0,0.153,9695.54,7661.58,2033.96
S0002,2026-07-02,Jaffna,Northern,P020,Soap,Household,Customer_085,Card,341.42,4.0,0.067,1274.18,994.99,279.19
S0003,2026-07-04,Colombo,Western,P012,Butter,Dairy,Customer_010,Mobile Wallet,1042.6,7.0,0.002,7283.6,5230.07,2053.53
S0004,2026-07-15,Galle,Southern,P007,Dhal,Groceries,Customer_002,Online,1611.28,10.0,0.049,15323.27,12073.04,3250.23
S0005,2026-07-16,Colombo,Western,P016,Nuts,Snacks,Customer_078,Cash,224.53,8.0,0.043,1719.0,1266.28,452.72
S0006,2026-07-24,Kurunegala,North Western,P005,Rice,Groceries,Customer_100,Cash,309.16,2.0,0.009,612.76,528.24,84.52
S0007,2026-07-20,Jaffna,Northern,P013,Biscuits,Snacks,Customer_072,Mobile Wallet,814.95,8.0,0.122,5724.21,4472.78,1251.43
S0008,2026-07-07,Colombo,Western,P020,Soap,Household,Customer_012,Mobile Wallet,417.65,2.0,0.101,750.93,621.63,129.3
S0009,2026-07-20,Kurunegala,North Western,P004,Mineral Water,Beverages,Customer_063,Online,595.01,1.0,0.122,522.42,427.75,94.67
S0010,2026-07-16,Kandy,Central,P014,Chips,Snacks,Customer_043,Cash,665.77,1.0,0.119,586.54,468.57,117.97
S0011,2026-07-16,Galle,Southern,P020,Soap,Household,Customer_041,Online,,8.0,0.186,7293.24,6145.43,1147.81
S0012,2026-07-05,Galle,Southern,P012,Butter,Dairy,Customer_076,Mobile Wallet,1115.15,8.0,0.161,7484.89,6343.06,1141.83
S0013,2026-07-26,Colombo,Western,P012,Butter,Dairy,Customer_047,Card,1193.12,6.0,0.168,5956.06,4421.26,1534.8
S0014,2026-07-20,Kurunegala,North Western,P011,Cheese,Dairy,Customer_099,Cash,675.35,5.0,0.052,3201.16,2312.04,889.12
S0015,2026-07-05,Colombo,Western,P015,Chocolate,Snacks,Customer_034,Online,524.59,8.0,0.043,4016.26,3460.98,555.28
S0016,2026-07-16,Colombo,Western,P004,Mineral Water,Beverages,Customer_022,Online,194.89,1.0,0.164,162.93,141.59,21.34
S0017,2026-07-11,Kurunegala,North Western,P005,Rice,Groceries,Customer_026,Card,740.23,7.0,0.093,4699.72,3279.93,1419.79
S0018,2026-07-23,Colombo,Western,P015,Chocolate,Snacks,Customer_072,Online,126.83,8.0,0.078,935.5,727.96,207.54
S0019,2026-07-03,Galle,Southern,P009,Milk,Dairy,Customer_011,Online,489.59,2.0,0.172,810.76,663.77,146.99
S0020,2026-07-30,Kandy,Central,P003,Fruit Juice,Beverages,Customer_012,Mobile Wallet,267.03,4.0,0.097,964.51,800.4,164.11
S0021,2026-07-10,Kurunegala,North Western,P004,Mineral Water,Beverages,Customer_053,Mobile Wallet,429.27,6.0,,2467.44,1746.87,720.57
S0022,2026-07-23,Kurunegala,North Western,P014,Chips,Snacks,Customer_095,Online,149.33,2.0,,253.56,186.03,67.53
S0023,2026-07-21,Colombo,Western,P007,Dhal,Groceries,Customer_053,Mobile Wallet,1283.3,4.0,,4142.49,3111.95,1030.54
S0024,2026-07-17,Colombo,Western,P002,Pepsi,Beverages,Customer_021,Cash,573.22,2.0,0.064,1073.07,881.92,191.15
S0025,2026-07-02,Colombo,Western,P014,Chips,Snacks,Customer_099,Cash,889.06,6.0,0.074,4939.62,3812.42,1127.2
S0026,2026-07-15,Colombo,Western,P014,Chips,Snacks,Customer_039,Cash,462.47,7.0,0.003,3227.58,2407.05,820.53
S0027,2026-07-12,Colombo,Western,P020,Soap,Household,Customer_051,Online,1090.21,2.0,0.068,2032.15,1700.12,332.03
S0028,2026-07-06,Jaffna,Northern,P011,Cheese,Dairy,Customer_003,Cash,793.81,3.0,0.196,1914.67,1408.36,506.31
S0029,2026-07-27,Galle,Southern,P005,Rice,Groceries,Customer_057,Mobile Wallet,654.31,7.0,0.013,4520.63,3560.85,959.78
S0030,2026-07-27,Kurunegala,North Western,P005,Rice,Groceries,Customer_011,Cash,401.0,5.0,0.17,1664.15,1415.56,248.59
S0031,2026-07-03,Colombo,Western,P005,Rice,Groceries,Customer_072,Card,615.09,,0.072,4566.43,3975.78,590.65
S0032,2026-07-01,Colombo,Western,P019,Tissue,Household,Customer_060,Online,501.34,10.0,0.02,4913.13,3815.42,1097.71
S0033,2026-07-23,Jaffna,Northern,P012,Butter,Dairy,Customer_003,Online,1192.21,2.0,0.18,1955.22,1352.33,602.89
S0034,2026-07-13,Jaffna,Northern,P009,Milk,Dairy,Customer_058,Cash,784.93,8.0,0.041,6021.98,4307.5,1714.48
S0035,2026-07-09,Kandy,Central,P019,Tissue,Household,Customer_010,Online,730.01,5.0,0.061,3427.4,2794.61,632.79
S0036,2026-07-11,Galle,Southern,P010,Yogurt,Dairy,Customer_091,Card,1116.28,6.0,0.046,6389.59,5032.76,1356.83
S0037,2026-07-12,Galle,Southern,P014,Chips,Snacks,Customer_088,Card,478.31,3.0,0.092,1302.92,896.19,406.73
S0038,2026-07-07,Kurunegala,North Western,P010,Yogurt,Dairy,Customer_060,Card,1112.47,8.0,0.095,8054.28,6558.02,1496.26
S0039,2026-07-15,Colombo,Western,P010,Yogurt,Dairy,Customer_060,Online,585.54,8.0,0.153,3967.62,3096.21,871.41
S0040,2026-07-03,Kurunegala,North Western,P008,Cooking Oil,Groceries,Customer_018,Cash,1542.65,8.0,0.11,10983.67,8004.88,2978.79
S0041,2026-07-01,Colombo,Western,P005,Rice,Groceries,Customer_052,Mobile Wallet,1403.72,2.0,0.132,2436.86,1768.73,668.13
S0042,2026-07-01,Colombo,Western,P010,Yogurt,Dairy,Customer_009,Card,359.81,3.0,0.062,1012.51,709.99,302.52
S0043,2026-07-24,Galle,Southern,P018,Dish Wash,Household,Customer_009,Online,1211.37,8.0,0.172,8024.11,5860.5,2163.61
S0044,2026-07-21,Colombo,Western,P008,Cooking Oil,Groceries,Customer_048,Card,1527.15,2.0,0.092,2773.3,2146.81,626.49
S0045,2026-07-05,Kurunegala,North Western,P016,Nuts,Snacks,Customer_002,Mobile Wallet,205.48,2.0,0.103,368.63,257.8,110.83
S0046,2026-07-07,Kandy,Central,P004,Mineral Water,Beverages,Customer_083,Cash,159.04,5.0,0.141,683.08,591.44,91.64
S0047,2026-07-28,Kurunegala,North Western,P002,Pepsi,Beverages,Customer_082,Cash,575.86,3.0,0.065,1615.29,1383.26,232.03
S0048,2026-07-06,Kandy,Central,P020,Soap,Household,Customer_049,Mobile Wallet,1467.72,9.0,0.035,12747.15,8979.08,3768.07
S0049,2026-07-22,Kandy,Central,P017,Detergent,Household,Customer_061,Mobile Wallet,604.17,7.0,0.159,3556.75,3113.29,443.46
S0050,2026-07-27,Kurunegala,North Western,P018,Dish Wash,Household,Customer_036,Online,428.14,6.0,0.004,2558.56,2085.87,472.69
S0051,2026-07-07,Kandy,Central,P007,Dhal,Groceries,Customer_010,Card,,9.0,0.048,3791.85,2650.53,1141.32
S0052,2026-07-16,Colombo,Western,P008,Cooking Oil,Groceries,Customer_047,Card,220.03,3.0,0.122,579.56,451.89,127.67
S0053,2026-07-28,Kurunegala,North Western,P014,Chips,Snacks,Customer_089,Online,478.98,10.0,0.138,4128.81,3613.02,515.79
S0054,2026-07-06,Colombo,Western,P012,Butter,Dairy,Customer_082,Online,435.46,9.0,0.028,3809.4,2816.16,993.24
S0055,2026-07-28,Galle,Southern,P013,Biscuits,Snacks,Customer_019,Online,542.48,7.0,0.03,3683.44,2533.23,1150.21
S0056,2026-07-21,Galle,Southern,P011,Cheese,Dairy,Customer_089,Card,762.92,1.0,0.096,689.68,529.18,160.5
S0057,2026-07-13,Colombo,Western,P005,Rice,Groceries,Customer_049,Mobile Wallet,805.34,3.0,0.115,2138.18,1590.12,548.06
S0058,2026-07-03,Galle,Southern,P020,Soap,Household,Customer_052,Online,1094.11,6.0,0.197,5271.42,4575.08,696.34
S0059,2026-07-08,Colombo,Western,P011,Cheese,Dairy,Customer_004,Online,314.77,1.0,0.046,300.29,210.69,89.6
S0060,2026-07-25,Galle,Southern,P018,Dish Wash,Household,Customer_022,Mobile Wallet,617.15,8.0,0.116,4364.48,3494.35,870.13
S0061,2026-07-19,Galle,Southern,P015,Chocolate,Snacks,Customer_051,Online,531.34,2.0,0.138,916.03,656.65,259.38
S0062,2026-07-02,Colombo,Western,P011,Cheese,Dairy,Customer_042,Cash,847.45,8.0,0.181,5552.49,4538.36,1014.13
S0063,2026-07-10,Colombo,Western,P011,Cheese,Dairy,Customer_038,Online,301.4,1.0,0.061,283.01,197.05,85.96
S0064,2026-07-11,Jaffna,Northern,P011,Cheese,Dairy,Customer_075,Mobile Wallet,690.61,10.0,0.061,6484.83,5296.23,1188.6
S0065,2026-07-06,Colombo,Western,P010,Yogurt,Dairy,Customer_074,Mobile Wallet,1121.62,6.0,0.102,6043.29,4734.32,1308.97
S0066,2026-07-02,Kandy,Central,P004,Mineral Water,Beverages,Customer_043,Online,448.18,7.0,0.042,3005.5,2369.38,636.12
S0067,2026-07-06,Colombo,Western,P018,Dish Wash,Household,Customer_010,Cash,623.5,10.0,0.154,5274.81,4415.66,859.15
S0068,2026-07-30,Jaffna,Northern,P008,Cooking Oil,Groceries,Customer_026,Cash,957.74,3.0,0.073,2663.47,2266.93,396.54
S0069,2026-07-20,Jaffna,Northern,P008,Cooking Oil,Groceries,Customer_007,Mobile Wallet,1120.99,9.0,0.097,9110.29,7825.01,1285.28
S0070,2026-07-09,Jaffna,Northern,P001,Coca Cola,Beverages,Customer_056,Mobile Wallet,640.93,7.0,0.107,4006.45,2844.88,1161.57
S0071,2026-07-11,Colombo,Western,P010,Yogurt,Dairy,Customer_050,Online,375.02,,0.104,2688.14,2153.55,534.59
S0072,2026-07-11,Kurunegala,North Western,P002,Pepsi,Beverages,Customer_032,Mobile Wallet,123.59,3.0,0.01,367.06,304.65,62.41
S0073,2026-07-13,Colombo,Western,P012,Butter,Dairy,Customer_026,Card,464.11,6.0,0.143,2386.45,2066.64,319.81
S0074,2026-07-08,Colombo,Western,P007,Dhal,Groceries,Customer_075,Cash,1530.5,9.0,0.142,11818.52,8277.32,3541.2
S0075,2026-07-07,Kandy,Central,P002,Pepsi,Beverages,Customer_079,Card,301.65,4.0,0.199,966.49,683.18,283.31
S0076,2026-07-17,Colombo,Western,P001,Coca Cola,Beverages,Customer_010,Cash,404.21,4.0,0.069,1505.28,1294.31,210.97
S0077,2026-07-03,Kurunegala,North Western,P007,Dhal,Groceries,Customer_020,Cash,1175.91,10.0,0.148,10018.75,6833.54,3185.21
S0078,2026-07-29,Kurunegala,North Western,P018,Dish Wash,Household,Customer_087,Online,317.0,10.0,0.045,3027.35,2622.92,404.43
S0079,2026-07-01,Kandy,Central,P005,Rice,Groceries,Customer_030,Cash,786.75,9.0,0.105,6337.27,5564.24,773.03
S0080,2026-07-23,Colombo,Western,P012,Butter,Dairy,Customer_077,Cash,1142.87,3.0,0.064,3209.18,2255.59,953.59
S0081,2026-07-06,Colombo,Western,P002,Pepsi,Beverages,Customer_066,Cash,404.72,3.0,0.167,1011.4,728.76,282.64
S0082,2026-07-04,Colombo,Western,P015,Chocolate,Snacks,Customer_046,Mobile Wallet,758.1,3.0,0.131,1976.37,1385.52,590.85
S0083,2026-07-25,Kurunegala,North Western,P010,Yogurt,Dairy,Customer_022,Mobile Wallet,1074.4,1.0,0.162,900.35,784.71,115.64
S0084,2026-07-14,Kurunegala,North Western,P009,Milk,Dairy,Customer_024,Cash,307.29,9.0,0.183,2259.5,1876.92,382.58
S0085,2026-07-03,Kandy,Central,P010,Yogurt,Dairy,Customer_089,Mobile Wallet,917.26,3.0,0.195,2215.18,1825.73,389.45
S0086,2026-07-31,Jaffna,Northern,P018,Dish Wash,Household,Customer_059,Mobile Wallet,946.46,8.0,0.122,6647.94,4902.85,1745.09
S0087,2026-07-01,Kandy,Central,P019,Tissue,Household,Customer_084,Card,816.13,3.0,0.097,2210.9,1612.06,598.84
S0088,2026-07-22,Jaffna,Northern,P005,Rice,Groceries,Customer_097,Online,805.29,7.0,0.073,5225.53,3986.54,1238.99
S0089,2026-07-29,Colombo,Western,P009,Milk,Dairy,Customer_043,Mobile Wallet,925.56,3.0,0.191,2246.33,1603.22,643.11
S0090,2026-07-14,Galle,Southern,P013,Biscuits,Snacks,Customer_038,Mobile Wallet,872.33,7.0,0.14,5251.43,4269.08,982.35
S0091,2026-07-09,Galle,Southern,P017,Detergent,Household,Customer_028,Card,,4.0,0.059,2690.24,1963.87,726.37
S0092,2026-07-01,Colombo,Western,P006,Sugar,Groceries,Customer_083,Cash,1275.84,9.0,0.016,11298.84,9145.02,2153.82
S0093,2026-07-12,Galle,Southern,P014,Chips,Snacks,Customer_060,Online,605.3,3.0,0.065,1697.87,1290.62,407.25
S0094,2026-07-09,Galle,Southern,P004,Mineral Water,Beverages,Customer_042,Card,542.76,8.0,0.009,4303.0,3347.15,955.85
S0095,2026-07-22,Kandy,Central,P010,Yogurt,Dairy,Customer_021,Cash,573.81,3.0,0.139,1482.15,1199.32,282.83
S0096,2026-07-08,Colombo,Western,P013,Biscuits,Snacks,Customer_095,Cash,568.21,3.0,0.2,1363.7,980.66,383.04
S0097,2026-07-04,Galle,Southern,P002,Pepsi,Beverages,Customer_088,Cash,166.13,1.0,0.132,144.2,106.75,37.45
S0098,2026-07-01,Galle,Southern,P005,Rice,Groceries,Customer_035,Cash,1082.62,9.0,0.136,8418.45,6356.2,2062.25
S0099,2026-07-11,Kurunegala,North Western,P015,Chocolate,Snacks,Customer_081,Cash,313.97,6.0,0.102,1691.67,1201.75,489.92
S0100,2026-07-27,Jaffna,Northern,P015,Chocolate,Snacks,Customer_019,Cash,883.88,9.0,0.167,6626.45,5089.9,1536.55
S0101,2026-07-02,Kandy,Central,P003,Fruit Juice,Beverages,Customer_030,Online,420.46,2.0,0.023,821.58,588.92,232.66
S0102,2026-07-01,Colombo,Western,P018,Dish Wash,Household,Customer_005,Cash,379.32,5.0,0.061,1780.91,1366.06,414.85
S0103,2026-07-26,Colombo,Western,P008,Cooking Oil,Groceries,Customer_099,Mobile Wallet,1114.5,8.0,0.077,8229.47,5862.27,2367.2
S0104,2026-07-28,Galle,Southern,P002,Pepsi,Beverages,Customer_033,Card,208.56,6.0,0.127,1092.44,878.9,213.54
S0105,2026-07-22,Colombo,Western,P003,Fruit Juice,Beverages,Customer_061,Cash,361.71,8.0,0.168,2407.54,1933.37,474.17
S0106,2026-07-20,Galle,Southern,P001,Coca Cola,Beverages,Customer_035,Online,238.88,9.0,0.002,2145.62,1830.87,314.75
S0107,2026-07-06,Kurunegala,North Western,P002,Pepsi,Beverages,Customer_054,Online,313.92,4.0,0.186,1022.12,863.47,158.65
S0108,2026-07-17,Kurunegala,North Western,P014,Chips,Snacks,Customer_050,Mobile Wallet,353.65,10.0,0.046,3373.82,2836.34,537.48
S0109,2026-07-18,Kandy,Central,P014,Chips,Snacks,Customer_001,Cash,609.92,7.0,0.143,3658.91,3094.06,564.85
S0110,2026-07-12,Kurunegala,North Western,P015,Chocolate,Snacks,Customer_032,Online,262.92,4.0,0.022,1028.54,828.76,199.78
S0111,2026-07-17,Kandy,Central,P009,Milk,Dairy,Customer_014,Mobile Wallet,1028.98,,0.007,8174.22,5726.86,2447.36
S0112,2026-07-03,Galle,Southern,P013,Biscuits,Snacks,Customer_090,Cash,892.54,10.0,0.184,7283.13,6054.12,1229.01
S0113,2026-07-23,Kandy,Central,P018,Dish Wash,Household,Customer_004,Online,1013.07,6.0,0.125,5318.62,4265.72,1052.9
S0114,2026-07-09,Jaffna,Northern,P008,Cooking Oil,Groceries,Customer_098,Cash,731.56,10.0,0.108,6525.52,5421.33,1104.19
S0115,2026-07-27,Colombo,Western,P011,Cheese,Dairy,Customer_034,Mobile Wallet,1100.5,5.0,0.066,5139.34,4174.16,965.18
S0116,2026-07-15,Kurunegala,North Western,P011,Cheese,Dairy,Customer_064,Card,426.18,6.0,0.104,2291.14,1713.62,577.52
S0117,2026-07-22,Kandy,Central,P005,Rice,Groceries,Customer_072,Mobile Wallet,1762.76,3.0,0.159,4447.44,3276.72,1170.72
S0118,2026-07-24,Kandy,Central,P009,Milk,Dairy,Customer_041,Online,271.02,5.0,0.1,1219.59,942.9,276.69
S0119,2026-07-22,Jaffna,Northern,P002,Pepsi,Beverages,Customer_030,Online,233.1,9.0,0.194,1690.91,1292.57,398.34
S0120,2026-07-23,Colombo,Western,P017,Detergent,Household,Customer_043,Card,620.21,6.0,0.036,3587.29,3124.1,463.19
S0121,2026-07-23,Kurunegala,North Western,P010,Yogurt,Dairy,Customer_044,Mobile Wallet,594.29,9.0,0.088,4877.93,4118.18,759.75
S0122,2026-07-04,Kandy,Central,P002,Pepsi,Beverages,Customer_046,Mobile Wallet,192.5,2.0,0.108,343.42,251.32,92.1
S0123,2026-07-31,Colombo,Western,P018,Dish Wash,Household,Customer_007,Mobile Wallet,816.99,6.0,0.131,4259.79,3055.63,1204.16
S0124,2026-07-01,Kurunegala,North Western,P008,Cooking Oil,Groceries,Customer_073,Online,1259.51,9.0,0.102,10179.36,8118.43,2060.93
S0125,2026-07-13,Colombo,Western,P012,Butter,Dairy,Customer_010,Online,1082.89,2.0,0.149,1843.08,1307.16,535.92
S0126,2026-07-29,Galle,Southern,P020,Soap,Household,Customer_093,Mobile Wallet,1399.47,6.0,0.093,7615.92,6587.67,1028.25
S0127,2026-07-24,Jaffna,Northern,P002,Pepsi,Beverages,Customer_092,Cash,321.3,8.0,0.101,2310.79,1579.14,731.65
S0128,2026-07-26,Colombo,Western,P006,Sugar,Groceries,Customer_073,Card,907.29,9.0,0.133,7079.58,6053.16,1026.42
S0129,2026-07-13,Galle,Southern,P014,Chips,Snacks,Customer_062,Mobile Wallet,700.56,8.0,0.073,5195.35,4132.36,1062.99
S0130,2026-07-23,Jaffna,Northern,P014,Chips,Snacks,Customer_012,Mobile Wallet,414.3,8.0,0.05,3148.68,2527.1,621.58
S0131,2026-07-28,Jaffna,Northern,P008,Cooking Oil,Groceries,Customer_001,Online,1718.57,1.0,0.193,1386.89,1123.26,263.63
S0132,2026-07-19,Galle,Southern,P010,Yogurt,Dairy,Customer_008,Card,409.94,7.0,0.038,2760.54,1974.0,786.54
S0133,2026-07-14,Kandy,Central,P007,Dhal,Groceries,Customer_031,Online,1690.63,6.0,0.068,9454.0,6819.5,2634.5
S0134,2026-07-02,Kurunegala,North Western,P007,Dhal,Groceries,Customer_080,Online,761.46,2.0,0.172,1260.98,865.69,395.29
S0135,2026-07-06,Galle,Southern,P012,Butter,Dairy,Customer_091,Online,903.86,10.0,0.076,8351.67,5744.61,2607.06
S0136,2026-07-09,Colombo,Western,P008,Cooking Oil,Groceries,Customer_049,Cash,319.67,10.0,0.012,3158.34,2196.26,962.08
S0137,2026-07-02,Kurunegala,North Western,P016,Nuts,Snacks,Customer_002,Online,385.19,3.0,0.108,1030.77,817.44,213.33
S0138,2026-07-03,Colombo,Western,P011,Cheese,Dairy,Customer_081,Card,1131.65,2.0,0.107,2021.13,1731.99,289.14
S0139,2026-07-24,Colombo,Western,P010,Yogurt,Dairy,Customer_034,Cash,555.71,7.0,0.079,3582.66,2650.57,932.09
S0140,2026-07-15,Colombo,Western,P010,Yogurt,Dairy,Customer_010,Card,834.99,1.0,0.176,688.03,507.6,180.43
S0141,2026-07-18,Kandy,Central,P015,Chocolate,Snacks,Customer_032,Cash,784.56,4.0,0.198,2516.87,2200.11,316.76
S0142,2026-07-12,Kandy,Central,P020,Soap,Household,Customer_045,Cash,1441.76,4.0,0.189,4677.07,3216.71,1460.36
S0143,2026-07-24,Colombo,Western,P016,Nuts,Snacks,Customer_063,Card,497.06,5.0,0.155,2100.08,1810.12,289.96
S0144,2026-07-15,Colombo,Western,P019,Tissue,Household,Customer_023,Online,652.25,6.0,0.031,3792.18,3231.49,560.69
S0145,2026-07-18,Kandy,Central,P015,Chocolate,Snacks,Customer_003,Mobile Wallet,667.38,8.0,0.041,5120.14,4032.37,1087.77
S0146,2026-07-06,Colombo,Western,P010,Yogurt,Dairy,Customer_001,Cash,828.21,7.0,0.168,4823.5,3990.87,832.63
S0147,2026-07-14,Colombo,Western,P003,Fruit Juice,Beverages,Customer_078,Cash,541.15,10.0,0.089,4929.88,3354.19,1575.69
S0148,2026-07-26,Galle,Southern,P010,Yogurt,Dairy,Customer_098,Card,835.25,6.0,0.16,4209.66,3397.96,811.7
S0149,2026-07-11,Colombo,Western,P007,Dhal,Groceries,Customer_057,Cash,1688.34,7.0,0.046,11274.73,7787.08,3487.65
S0150,2026-07-14,Kandy,Central,P004,Mineral Water,Beverages,Customer_001,Cash,635.39,6.0,0.081,3503.54,2792.37,711.17
S0151,2026-07-29,Jaffna,Northern,P008,Cooking Oil,Groceries,Customer_021,Cash,247.34,6.0,0.053,1405.39,1101.3,304.09
S0152,2026-07-20,Jaffna,Northern,P018,Dish Wash,Household,Customer_011,Cash,170.45,4.0,0.122,598.62,521.83,76.79
S0153,2026-07-10,Colombo,Western,P016,Nuts,Snacks,Customer_024,Cash,856.94,5.0,0.015,4220.43,3558.28,662.15
S0154,2026-07-12,Colombo,Western,P014,Chips,Snacks,Customer_064,Cash,877.27,3.0,0.15,2237.04,1962.64,274.4
S0155,2026-07-12,Kurunegala,North Western,P002,Pepsi,Beverages,Customer_043,Online,126.29,5.0,0.12,555.68,412.77,142.91
S0156,2026-07-04,Colombo,Western,P005,Rice,Groceries,Customer_098,Online,444.59,9.0,0.047,3813.25,2733.08,1080.17
S0157,2026-07-14,Galle,Southern,P016,Nuts,Snacks,Customer_075,Mobile Wallet,202.76,4.0,0.057,764.81,574.55,190.26
S0158,2026-07-18,Galle,Southern,P018,Dish Wash,Household,Customer_048,Online,1331.71,2.0,0.122,2338.48,1873.61,464.87
S0159,2026-07-04,Galle,Southern,P013,Biscuits,Snacks,Customer_073,Mobile Wallet,324.22,6.0,0.011,1923.92,1591.32,332.6
S0160,2026-07-05,Galle,Southern,P002,Pepsi,Beverages,Customer_045,Online,265.54,1.0,0.109,236.6,192.89,43.71
S0161,2026-07-16,Jaffna,Northern,P008,Cooking Oil,Groceries,Customer_022,Mobile Wallet,1128.51,5.0,0.054,5337.85,3875.15,1462.7
S0162,2026-07-07,Kandy,Central,P017,Detergent,Household,Customer_090,Online,979.67,8.0,0.088,7147.67,6260.49,887.18
S0163,2026-07-23,Jaffna,Northern,P009,Milk,Dairy,Customer_082,Card,543.28,8.0,0.064,4068.08,3542.97,525.11
S0164,2026-07-27,Kandy,Central,P009,Milk,Dairy,Customer_046,Mobile Wallet,918.25,5.0,0.116,4058.66,3514.16,544.5
S0165,2026-07-06,Kurunegala,North Western,P009,Milk,Dairy,Customer_011,Card,1023.46,10.0,0.141,8791.52,6506.84,2284.68
S0166,2026-07-19,Jaffna,Northern,P008,Cooking Oil,Groceries,Customer_018,Mobile Wallet,1201.33,10.0,0.151,10199.29,6970.57,3228.72
S0167,2026-07-07,Kurunegala,North Western,P007,Dhal,Groceries,Customer_020,Cash,721.4,5.0,0.109,3213.84,2447.08,766.76
S0168,2026-07-01,Kurunegala,North Western,P008,Cooking Oil,Groceries,Customer_007,Card,744.05,2.0,0.161,1248.52,1009.64,238.88
S0169,2026-07-24,Galle,Southern,P004,Mineral Water,Beverages,Customer_070,Online,340.87,7.0,0.048,2271.56,1985.17,286.39
S0170,2026-07-05,Galle,Southern,P002,Pepsi,Beverages,Customer_019,Mobile Wallet,507.57,8.0,0.094,3678.87,2619.24,1059.63
S0171,2026-07-22,Colombo,Western,P016,Nuts,Snacks,Customer_064,Cash,790.05,7.0,0.013,5458.46,4083.11,1375.35
S0172,2026-07-25,Colombo,Western,P012,Butter,Dairy,Customer_098,Online,256.93,1.0,0.126,224.56,163.54,61.02
S0173,2026-07-21,Kandy,Central,P003,Fruit Juice,Beverages,Customer_089,Cash,520.31,3.0,0.192,1261.23,948.98,312.25
S0174,2026-07-19,Kandy,Central,P010,Yogurt,Dairy,Customer_049,Mobile Wallet,513.36,7.0,0.068,3349.16,2670.63,678.53
S0175,2026-07-17,Colombo,Western,P002,Pepsi,Beverages,Customer_090,Cash,130.1,4.0,0.016,512.07,370.21,141.86
S0176,2026-07-15,Galle,Southern,P010,Yogurt,Dairy,Customer_060,Card,234.04,9.0,0.192,1701.94,1487.68,214.26
S0177,2026-07-31,Jaffna,Northern,P010,Yogurt,Dairy,Customer_037,Online,1167.16,2.0,0.051,2215.27,1816.43,398.84
S0178,2026-07-22,Colombo,Western,P012,Butter,Dairy,Customer_025,Online,814.75,1.0,0.082,747.94,528.47,219.47
S0179,2026-07-28,Jaffna,Northern,P010,Yogurt,Dairy,Customer_093,Mobile Wallet,794.22,1.0,0.151,674.29,587.71,86.58
S0180,2026-07-13,Kurunegala,North Western,P018,Dish Wash,Household,Customer_064,Online,1148.21,6.0,0.001,6882.37,4863.15,2019.22
S0181,2026-07-25,Galle,Southern,P004,Mineral Water,Beverages,Customer_024,Online,641.96,2.0,0.108,1145.26,991.05,154.21
S0182,2026-07-29,Colombo,Western,P016,Nuts,Snacks,Customer_075,Online,705.77,2.0,0.198,1132.06,931.55,200.51
S0183,2026-07-24,Jaffna,Northern,P009,Milk,Dairy,Customer_054,Mobile Wallet,1050.31,5.0,0.115,4647.62,4055.54,592.08
S0184,2026-07-06,Jaffna,Northern,P015,Chocolate,Snacks,Customer_003,Mobile Wallet,562.85,9.0,0.089,4614.81,4042.07,572.74
S0185,2026-07-05,Kurunegala,North Western,P004,Mineral Water,Beverages,Customer_023,Cash,171.33,6.0,0.023,1004.34,714.52,289.82
S0186,2026-07-06,Jaffna,Northern,P007,Dhal,Groceries,Customer_018,Online,976.93,2.0,0.011,1932.37,1388.0,544.37
S0187,2026-07-01,Kandy,Central,P003,Fruit Juice,Beverages,Customer_030,Mobile Wallet,434.1,4.0,0.142,1489.83,1044.93,444.9
S0188,2026-07-22,Colombo,Western,P011,Cheese,Dairy,Customer_046,Cash,603.6,6.0,0.118,3194.25,2655.19,539.06
S0189,2026-07-12,Colombo,Western,P005,Rice,Groceries,Customer_004,Cash,733.14,2.0,0.109,1306.46,1133.87,172.59
S0190,2026-07-16,Kandy,Central,P011,Cheese,Dairy,Customer_032,Online,744.93,4.0,0.128,2598.32,2003.83,594.49
S0191,2026-07-31,Galle,Southern,P012,Butter,Dairy,Customer_069,Mobile Wallet,1010.38,9.0,0.089,8284.11,7023.97,1260.14
S0192,2026-07-03,Colombo,Western,P009,Milk,Dairy,Customer_024,Card,208.01,8.0,0.025,1622.48,1426.43,196.05
S0193,2026-07-06,Colombo,Western,P004,Mineral Water,Beverages,Customer_038,Mobile Wallet,162.83,9.0,0.132,1272.03,957.85,314.18
S0194,2026-07-15,Galle,Southern,P010,Yogurt,Dairy,Customer_010,Card,601.6,4.0,0.023,2351.05,1826.18,524.87
S0195,2026-07-07,Kandy,Central,P010,Yogurt,Dairy,Customer_007,Cash,885.96,9.0,0.061,7487.25,6078.74,1408.51
S0196,2026-07-17,Colombo,Western,P001,Coca Cola,Beverages,Customer_080,Cash,430.97,9.0,0.016,3816.67,2850.58,966.09
S0197,2026-07-30,Kandy,Central,P015,Chocolate,Snacks,Customer_013,Mobile Wallet,702.42,3.0,0.005,2096.72,1632.48,464.24
S0198,2026-07-26,Colombo,Western,P016,Nuts,Snacks,Customer_038,Online,378.75,9.0,0.084,3122.41,2545.33,577.08
S0199,2026-07-16,Kandy,Central,P011,Cheese,Dairy,Customer_017,Card,354.2,9.0,0.14,2741.51,2144.66,596.85
S0200,2026-07-27,Galle,Southern,P004,Mineral Water,Beverages,Customer_034,Online,418.94,1.0,0.172,346.88,290.17,56.71
S0201,2026-07-25,Galle,Southern,P017,Detergent,Household,Customer_057,Cash,966.61,2.0,0.055,1826.89,1288.77,538.12
S0202,2026-07-04,Kurunegala,North Western,P018,Dish Wash,Household,Customer_095,Mobile Wallet,799.08,4.0,0.053,3026.92,2528.66,498.26
S0203,2026-07-20,Colombo,Western,P004,Mineral Water,Beverages,Customer_061,Mobile Wallet,374.44,3.0,0.167,935.73,809.36,126.37
S0204,2026-07-13,Galle,Southern,P003,Fruit Juice,Beverages,Customer_091,Card,317.52,4.0,0.033,1228.17,933.63,294.54
S0205,2026-07-30,Kurunegala,North Western,P019,Tissue,Household,Customer_058,Cash,1061.71,4.0,0.019,4166.15,3340.81,825.34
S0206,2026-07-15,Galle,Southern,P002,Pepsi,Beverages,Customer_049,Online,633.97,2.0,0.027,1233.71,1043.5,190.21
S0207,2026-07-16,Jaffna,Northern,P013,Biscuits,Snacks,Customer_009,Mobile Wallet,353.36,5.0,0.184,1441.71,1180.58,261.13
S0208,2026-07-22,Galle,Southern,P017,Detergent,Household,Customer_020,Online,1045.21,1.0,0.064,978.32,720.68,257.64
S0209,2026-07-07,Colombo,Western,P017,Detergent,Household,Customer_042,Card,623.06,10.0,0.097,5626.23,4310.5,1315.73
S0210,2026-07-21,Kandy,Central,P013,Biscuits,Snacks,Customer_070,Card,171.33,4.0,0.164,572.93,421.39,151.54
S0211,2026-07-11,Kandy,Central,P016,Nuts,Snacks,Customer_092,Card,618.06,8.0,0.17,4103.92,2943.22,1160.7
S0212,2026-07-01,Colombo,Western,P012,Butter,Dairy,Customer_041,Online,731.77,4.0,0.191,2368.01,1713.57,654.44
S0213,2026-07-15,Jaffna,Northern,P005,Rice,Groceries,Customer_080,Online,1434.32,6.0,0.015,8476.83,6026.36,2450.47
S0214,2026-07-08,Kandy,Central,P011,Cheese,Dairy,Customer_062,Mobile Wallet,258.74,10.0,0.065,2419.22,2020.4,398.82
S0215,2026-07-18,Galle,Southern,P018,Dish Wash,Household,Customer_036,Online,1226.01,7.0,0.028,8341.77,6773.87,1567.9
S0216,2026-07-08,Jaffna,Northern,P008,Cooking Oil,Groceries,Customer_100,Cash,182.7,9.0,0.164,1374.63,1088.41,286.22
S0217,2026-07-18,Galle,Southern,P009,Milk,Dairy,Customer_045,Cash,272.57,7.0,0.004,1900.36,1548.53,351.83
S0218,2026-07-19,Colombo,Western,P017,Detergent,Household,Customer_053,Cash,689.86,7.0,0.061,4534.45,3374.73,1159.72
S0219,2026-07-21,Kandy,Central,P011,Cheese,Dairy,Customer_035,Card,255.51,4.0,0.128,891.22,666.05,225.17
S0220,2026-07-15,Galle,Southern,P015,Chocolate,Snacks,Customer_049,Card,660.29,3.0,0.035,1911.54,1358.47,553.07
S0221,2026-07-13,Colombo,Western,P002,Pepsi,Beverages,Customer_074,Cash,134.89,3.0,0.196,325.35,229.96,95.39
S0222,2026-07-12,Kandy,Central,P007,Dhal,Groceries,Customer_009,Cash,770.63,1.0,0.004,767.55,576.04,191.51
S0223,2026-07-14,Kandy,Central,P008,Cooking Oil,Groceries,Customer_037,Mobile Wallet,484.64,2.0,0.165,809.35,633.21,176.14
S0224,2026-07-24,Kurunegala,North Western,P001,Coca Cola,Beverages,Customer_080,Mobile Wallet,464.15,1.0,0.19,375.96,291.75,84.21
S0225,2026-07-03,Kurunegala,North Western,P010,Yogurt,Dairy,Customer_064,Cash,350.39,9.0,0.15,2680.48,2062.77,617.71
S0226,2026-07-17,Kurunegala,North Western,P019,Tissue,Household,Customer_043,Card,406.16,4.0,0.101,1460.55,1075.95,384.6
S0227,2026-07-12,Colombo,Western,P011,Cheese,Dairy,Customer_020,Card,583.75,8.0,0.171,3871.43,2887.32,984.11
S0228,2026-07-24,Colombo,Western,P020,Soap,Household,Customer_093,Online,1429.65,10.0,0.184,11665.94,9627.41,2038.53
S0229,2026-07-03,Jaffna,Northern,P020,Soap,Household,Customer_070,Mobile Wallet,861.41,1.0,0.086,787.33,590.92,196.41
S0230,2026-07-17,Galle,Southern,P020,Soap,Household,Customer_096,Mobile Wallet,336.78,2.0,0.019,660.76,550.73,110.03
S0231,2026-07-07,Kurunegala,North Western,P018,Dish Wash,Household,Customer_014,Card,788.44,4.0,0.003,3144.3,2587.42,556.88
S0232,2026-07-13,Jaffna,Northern,P002,Pepsi,Beverages,Customer_056,Cash,160.05,6.0,0.177,790.33,560.59,229.74
S0233,2026-07-19,Colombo,Western,P014,Chips,Snacks,Customer_017,Card,434.53,8.0,0.154,2940.9,2240.49,700.41
S0234,2026-07-27,Jaffna,Northern,P014,Chips,Snacks,Customer_021,Mobile Wallet,418.47,7.0,0.061,2750.6,2050.64,699.96
S0235,2026-07-18,Kandy,Central,P015,Chocolate,Snacks,Customer_070,Mobile Wallet,362.69,9.0,0.048,3107.53,2248.15,859.38
S0236,2026-07-14,Colombo,Western,P019,Tissue,Household,Customer_019,Cash,1488.26,7.0,0.084,9542.72,8097.7,1445.02
S0237,2026-07-22,Jaffna,Northern,P008,Cooking Oil,Groceries,Customer_094,Online,1374.64,2.0,0.001,2746.53,2126.79,619.74
S0238,2026-07-07,Colombo,Western,P003,Fruit Juice,Beverages,Customer_073,Mobile Wallet,191.2,8.0,0.099,1378.17,1049.94,328.23
S0239,2026-07-07,Colombo,Western,P004,Mineral Water,Beverages,Customer_013,Card,327.54,3.0,0.127,857.83,643.32,214.51
S0240,2026-07-28,Galle,Southern,P011,Cheese,Dairy,Customer_068,Cash,192.95,10.0,0.012,1906.35,1354.55,551.8
S0241,2026-07-26,Kandy,Central,P012,Butter,Dairy,Customer_006,Cash,716.0,1.0,0.122,628.65,439.18,189.47
S0242,2026-07-30,Galle,Southern,P015,Chocolate,Snacks,Customer_010,Mobile Wallet,637.25,6.0,0.103,3429.68,2540.68,889.0
S0243,2026-07-04,Kurunegala,North Western,P010,Yogurt,Dairy,Customer_086,Card,1182.53,9.0,0.015,10483.13,7561.2,2921.93
S0244,2026-07-08,Colombo,Western,P002,Pepsi,Beverages,Customer_001,Cash,225.06,3.0,0.123,592.13,452.94,139.19
S0245,2026-07-20,Colombo,Western,P017,Detergent,Household,Customer_095,Online,637.1,3.0,0.148,1628.43,1302.09,326.34
S0246,2026-07-17,Galle,Southern,P018,Dish Wash,Household,Customer_074,Card,1423.42,5.0,0.108,6348.45,4586.85,1761.6
S0247,2026-07-15,Galle,Southern,P009,Milk,Dairy,Customer_009,Online,1107.02,2.0,0.076,2045.77,1635.56,410.21
S0248,2026-07-15,Colombo,Western,P001,Coca Cola,Beverages,Customer_036,Card,480.35,8.0,0.101,3454.68,2734.09,720.59
S0249,2026-07-18,Galle,Southern,P020,Soap,Household,Customer_064,Online,1227.7,5.0,0.128,5352.77,4105.36,1247.41
S0250,2026-07-30,Jaffna,Northern,P013,Biscuits,Snacks,Customer_054,Online,653.76,8.0,0.037,5036.57,3849.86,1186.71
S0251,2026-07-27,Colombo,Western,P003,Fruit Juice,Beverages,Customer_063,Cash,569.75,8.0,0.089,4152.34,2827.11,1325.23
S0252,2026-07-21,Kurunegala,North Western,P004,Mineral Water,Beverages,Customer_048,Online,488.15,2.0,0.091,887.46,768.58,118.88
S0253,2026-07-04,Galle,Southern,P007,Dhal,Groceries,Customer_074,Mobile Wallet,1647.9,2.0,0.152,2794.84,2004.61,790.23
S0254,2026-07-19,Colombo,Western,P009,Milk,Dairy,Customer_014,Online,269.98,1.0,0.197,216.79,180.99,35.8
S0255,2026-07-06,Kurunegala,North Western,P016,Nuts,Snacks,Customer_087,Cash,429.49,2.0,0.065,803.15,606.47,196.68
S0256,2026-07-23,Kandy,Central,P005,Rice,Groceries,Customer_043,Mobile Wallet,293.66,8.0,0.128,2048.57,1545.93,502.64
S0257,2026-07-05,Kandy,Central,P003,Fruit Juice,Beverages,Customer_083,Card,354.87,9.0,0.196,2567.84,2059.16,508.68
S0258,2026-07-05,Colombo,Western,P018,Dish Wash,Household,Customer_015,Cash,450.53,2.0,0.039,865.92,705.95,159.97
S0259,2026-07-18,Kurunegala,North Western,P010,Yogurt,Dairy,Customer_040,Online,310.13,9.0,0.104,2500.89,1796.97,703.92
S0260,2026-07-22,Colombo,Western,P005,Rice,Groceries,Customer_068,Online,1453.18,2.0,0.184,2371.59,1803.7,567.89
S0261,2026-07-09,Jaffna,Northern,P014,Chips,Snacks,Customer_036,Mobile Wallet,455.75,4.0,0.067,1700.86,1479.99,220.87
S0262,2026-07-03,Kandy,Central,P010,Yogurt,Dairy,Customer_020,Mobile Wallet,1186.68,10.0,0.047,11309.06,9895.25,1413.81
S0263,2026-07-10,Kandy,Central,P015,Chocolate,Snacks,Customer_052,Card,598.89,6.0,0.032,3478.35,2465.33,1013.02
S0264,2026-07-05,Kurunegala,North Western,P008,Cooking Oil,Groceries,Customer_055,Card,599.54,7.0,0.184,3424.57,2408.22,1016.35
S0265,2026-07-14,Jaffna,Northern,P004,Mineral Water,Beverages,Customer_021,Mobile Wallet,542.19,4.0,0.197,1741.51,1383.28,358.23
S0266,2026-07-15,Galle,Southern,P002,Pepsi,Beverages,Customer_031,Card,201.43,2.0,0.154,340.82,240.07,100.75
S0267,2026-07-14,Colombo,Western,P001,Coca Cola,Beverages,Customer_024,Online,267.58,6.0,0.105,1436.9,1092.08,344.82
S0268,2026-07-03,Galle,Southern,P020,Soap,Household,Customer_069,Mobile Wallet,532.88,2.0,0.064,997.55,817.27,180.28
S0269,2026-07-29,Colombo,Western,P010,Yogurt,Dairy,Customer_053,Online,936.75,4.0,0.109,3338.58,2837.3,501.28
S0270,2026-07-05,Kurunegala,North Western,P015,Chocolate,Snacks,Customer_070,Cash,366.45,2.0,0.191,592.92,460.91,132.01
S0271,2026-07-06,Kandy,Central,P011,Cheese,Dairy,Customer_050,Mobile Wallet,1152.75,9.0,0.168,8631.79,7466.0,1165.79
S0272,2026-07-30,Kurunegala,North Western,P003,Fruit Juice,Beverages,Customer_089,Online,372.69,6.0,0.002,2231.67,1632.07,599.6
S0273,2026-07-07,Kurunegala,North Western,P007,Dhal,Groceries,Customer_010,Cash,579.24,2.0,0.026,1128.36,778.08,350.28
S0274,2026-07-15,Kurunegala,North Western,P002,Pepsi,Beverages,Customer_077,Cash,372.25,4.0,0.003,1484.53,1045.79,438.74
S0275,2026-07-29,Kandy,Central,P003,Fruit Juice,Beverages,Customer_006,Card,296.28,2.0,0.094,536.86,365.11,171.75
S0276,2026-07-09,Jaffna,Northern,P012,Butter,Dairy,Customer_056,Card,854.23,1.0,0.042,818.35,674.4,143.95
S0277,2026-07-23,Galle,Southern,P001,Coca Cola,Beverages,Customer_082,Mobile Wallet,174.12,4.0,0.102,625.44,504.02,121.42
S0278,2026-07-18,Colombo,Western,P011,Cheese,Dairy,Customer_007,Cash,1007.99,1.0,0.069,938.44,651.7,286.74
S0279,2026-07-21,Kurunegala,North Western,P018,Dish Wash,Household,Customer_096,Online,1463.36,1.0,0.148,1246.78,946.63,300.15
S0280,2026-07-23,Jaffna,Northern,P003,Fruit Juice,Beverages,Customer_098,Mobile Wallet,599.18,10.0,0.07,5572.37,4663.58,908.79
S0281,2026-07-14,Galle,Southern,P008,Cooking Oil,Groceries,Customer_004,Online,1289.86,5.0,0.194,5198.14,4260.51,937.63
S0282,2026-07-02,Colombo,Western,P010,Yogurt,Dairy,Customer_028,Cash,878.09,3.0,0.14,2265.47,1890.87,374.6
S0283,2026-07-20,Colombo,Western,P016,Nuts,Snacks,Customer_067,Card,607.08,5.0,0.176,2501.17,1792.48,708.69
S0284,2026-07-27,Galle,Southern,P009,Milk,Dairy,Customer_045,Card,504.24,10.0,0.01,4991.98,4123.52,868.46
S0285,2026-07-13,Colombo,Western,P006,Sugar,Groceries,Customer_062,Cash,1437.03,2.0,0.099,2589.53,2103.73,485.8
S0286,2026-07-20,Colombo,Western,P003,Fruit Juice,Beverages,Customer_083,Card,496.38,8.0,0.036,3828.08,3186.26,641.82
S0287,2026-07-12,Galle,Southern,P020,Soap,Household,Customer_027,Online,484.39,8.0,0.129,3375.23,2839.46,535.77
S0288,2026-07-29,Colombo,Western,P009,Milk,Dairy,Customer_097,Card,985.21,8.0,0.139,6786.13,5652.72,1133.41
S0289,2026-07-27,Kurunegala,North Western,P006,Sugar,Groceries,Customer_092,Mobile Wallet,622.66,8.0,0.094,4513.04,3957.48,555.56
S0290,2026-07-09,Colombo,Western,P008,Cooking Oil,Groceries,Customer_045,Online,1379.99,1.0,0.134,1195.07,879.21,315.86
S0291,2026-07-04,Kandy,Central,P019,Tissue,Household,Customer_092,Card,1182.58,5.0,0.098,5333.44,4347.98,985.46
S0292,2026-07-18,Jaffna,Northern,P001,Coca Cola,Beverages,Customer_025,Online,495.93,6.0,0.105,2663.14,2003.03,660.11
S0293,2026-07-29,Kandy,Central,P002,Pepsi,Beverages,Customer_063,Online,419.84,1.0,0.099,378.28,258.58,119.7
S0294,2026-07-31,Colombo,Western,P011,Cheese,Dairy,Customer_096,Card,1003.87,4.0,0.078,3702.27,2670.74,1031.53
S0295,2026-07-06,Jaffna,Northern,P007,Dhal,Groceries,Customer_089,Online,1366.26,6.0,0.005,8156.57,6022.77,2133.8
S0296,2026-07-01,Jaffna,Northern,P009,Milk,Dairy,Customer_015,Online,544.42,7.0,0.03,3696.61,2915.8,780.81
S0297,2026-07-15,Colombo,Western,P017,Detergent,Household,Customer_088,Online,310.22,5.0,0.064,1451.83,1038.47,413.36
S0298,2026-07-19,Colombo,Western,P010,Yogurt,Dairy,Customer_088,Online,610.6,4.0,0.14,2100.46,1751.79,348.67
S0299,2026-07-31,Galle,Southern,P006,Sugar,Groceries,Customer_050,Online,1549.75,10.0,0.002,15466.5,13548.33,1918.17
S0300,2026-07-02,Galle,Southern,P003,Fruit Juice,Beverages,Customer_081,Cash,219.5,9.0,0.037,1902.41,1449.69,452.72
S0301,2026-07-19,Galle,Southern,P003,Fruit Juice,Beverages,Customer_067,Online,649.37,1.0,0.091,590.28,514.27,76.01
S0302,2026-07-27,Colombo,Western,P015,Chocolate,Snacks,Customer_049,Card,525.44,4.0,0.061,1973.55,1731.02,242.53
S0303,2026-07-21,Galle,Southern,P015,Chocolate,Snacks,Customer_049,Cash,669.03,6.0,0.025,3913.83,2906.42,1007.41
S0304,2026-07-27,Colombo,Western,P005,Rice,Groceries,Customer_035,Cash,234.18,2.0,0.056,442.13,373.39,68.74
S0305,2026-07-26,Galle,Southern,P009,Milk,Dairy,Customer_079,Mobile Wallet,592.52,2.0,0.09,1078.39,743.64,334.75
S0306,2026-07-21,Jaffna,Northern,P012,Butter,Dairy,Customer_070,Card,892.41,10.0,0.182,7299.91,5406.51,1893.4
S0307,2026-07-26,Colombo,Western,P018,Dish Wash,Household,Customer_052,Card,557.04,1.0,0.131,484.07,421.25,62.82
S0308,2026-07-18,Kandy,Central,P014,Chips,Snacks,Customer_072,Cash,887.95,1.0,0.136,767.19,598.3,168.89
S0309,2026-07-06,Jaffna,Northern,P008,Cooking Oil,Groceries,Customer_083,Mobile Wallet,382.31,1.0,0.131,332.23,239.77,92.46
S0310,2026-07-31,Colombo,Western,P006,Sugar,Groceries,Customer_090,Mobile Wallet,249.24,4.0,0.009,987.99,715.6,272.39
S0311,2026-07-14,Colombo,Western,P006,Sugar,Groceries,Customer_076,Mobile Wallet,835.06,10.0,0.137,7206.57,5658.59,1547.98
S0312,2026-07-07,Colombo,Western,P009,Milk,Dairy,Customer_041,Online,536.18,5.0,0.13,2332.38,1873.62,458.76
S0313,2026-07-29,Kurunegala,North Western,P001,Coca Cola,Beverages,Customer_089,Online,459.35,1.0,0.076,424.44,333.04,91.4
S0314,2026-07-16,Galle,Southern,P004,Mineral Water,Beverages,Customer_097,Cash,412.05,9.0,0.01,3671.37,3041.44,629.93
S0315,2026-07-14,Kurunegala,North Western,P013,Biscuits,Snacks,Customer_090,Online,188.05,3.0,0.112,500.97,420.99,79.98
S0316,2026-07-29,Galle,Southern,P001,Coca Cola,Beverages,Customer_073,Cash,399.21,2.0,0.164,667.48,475.54,191.94
S0317,2026-07-10,Kandy,Central,P010,Yogurt,Dairy,Customer_082,Mobile Wallet,937.11,9.0,0.058,7944.82,6550.82,1394.0
S0318,2026-07-12,Colombo,Western,P006,Sugar,Groceries,Customer_075,Cash,563.72,8.0,0.0,4509.76,3584.16,925.6
S0319,2026-07-01,Kandy,Central,P016,Nuts,Snacks,Customer_054,Mobile Wallet,812.67,10.0,0.076,7509.07,5486.58,2022.49
S0320,2026-07-22,Colombo,Western,P007,Dhal,Groceries,Customer_063,Cash,1051.93,8.0,0.096,7607.56,5717.62,1889.94
S0321,2026-07-28,Kandy,Central,P001,Coca Cola,Beverages,Customer_026,Cash,448.16,9.0,0.109,3593.8,2481.78,1112.02
S0322,2026-07-16,Kandy,Central,P011,Cheese,Dairy,Customer_064,Cash,560.72,6.0,0.071,3125.45,2521.89,603.56
S0323,2026-07-10,Jaffna,Northern,P015,Chocolate,Snacks,Customer_036,Mobile Wallet,410.48,10.0,0.094,3718.95,2821.67,897.28
S0324,2026-07-12,Jaffna,Northern,P001,Coca Cola,Beverages,Customer_069,Card,425.9,4.0,0.109,1517.91,1038.18,479.73
S0325,2026-07-11,Kurunegala,North Western,P008,Cooking Oil,Groceries,Customer_056,Card,1089.21,6.0,0.156,5515.76,4804.17,711.59
S0326,2026-07-19,Kandy,Central,P012,Butter,Dairy,Customer_043,Card,487.36,4.0,0.062,1828.57,1474.98,353.59
S0327,2026-07-06,Colombo,Western,P002,Pepsi,Beverages,Customer_097,Mobile Wallet,437.27,2.0,0.101,786.21,546.66,239.55
S0328,2026-07-05,Colombo,Western,P013,Biscuits,Snacks,Customer_067,Cash,156.92,2.0,0.028,305.05,250.66,54.39
S0329,2026-07-20,Colombo,Western,P019,Tissue,Household,Customer_069,Mobile Wallet,1405.23,8.0,0.098,10140.14,8543.56,1596.58
S0330,2026-07-23,Colombo,Western,P006,Sugar,Groceries,Customer_062,Cash,1558.63,4.0,0.057,5879.15,4959.15,920.0
S0331,2026-07-09,Jaffna,Northern,P018,Dish Wash,Household,Customer_064,Online,1392.12,1.0,0.042,1333.65,1172.01,161.64
S0332,2026-07-25,Kurunegala,North Western,P007,Dhal,Groceries,Customer_045,Online,1370.46,5.0,0.181,5612.03,4362.84,1249.19
S0333,2026-07-25,Galle,Southern,P009,Milk,Dairy,Customer_076,Online,195.52,4.0,0.114,692.92,526.36,166.56
S0334,2026-07-11,Kurunegala,North Western,P004,Mineral Water,Beverages,Customer_054,Online,218.66,8.0,0.034,1689.8,1239.38,450.42
S0335,2026-07-19,Jaffna,Northern,P016,Nuts,Snacks,Customer_026,Mobile Wallet,124.82,8.0,0.128,870.74,761.39,109.35
S0336,2026-07-14,Galle,Southern,P010,Yogurt,Dairy,Customer_088,Online,865.12,5.0,0.031,4191.51,2976.34,1215.17
S0337,2026-07-29,Galle,Southern,P002,Pepsi,Beverages,Customer_036,Online,171.12,2.0,0.039,328.89,230.9,97.99
S0338,2026-07-03,Jaffna,Northern,P018,Dish Wash,Household,Customer_056,Online,1316.89,10.0,0.15,11193.57,9238.65,1954.92
S0339,2026-07-28,Kurunegala,North Western,P011,Cheese,Dairy,Customer_084,Mobile Wallet,513.29,5.0,0.084,2350.87,1980.02,370.85
S0340,2026-07-26,Colombo,Western,P012,Butter,Dairy,Customer_084,Card,955.1,7.0,0.007,6638.9,5727.6,911.3
S0341,2026-07-19,Kandy,Central,P012,Butter,Dairy,Customer_100,Online,1093.36,10.0,0.094,9905.84,7412.45,2493.39
S0342,2026-07-21,Galle,Southern,P019,Tissue,Household,Customer_052,Card,1344.27,8.0,0.179,8829.17,6250.07,2579.1
S0343,2026-07-13,Kandy,Central,P019,Tissue,Household,Customer_082,Cash,508.25,10.0,0.052,4818.21,3662.87,1155.34
S0344,2026-07-24,Colombo,Western,P004,Mineral Water,Beverages,Customer_061,Online,357.12,3.0,0.064,1002.79,771.92,230.87
S0345,2026-07-11,Colombo,Western,P003,Fruit Juice,Beverages,Customer_034,Online,206.55,10.0,0.176,1701.97,1186.76,515.21
S0346,2026-07-05,Colombo,Western,P016,Nuts,Snacks,Customer_050,Online,709.91,4.0,0.097,2564.19,2086.18,478.01
S0347,2026-07-20,Jaffna,Northern,P019,Tissue,Household,Customer_091,Mobile Wallet,1294.1,6.0,0.013,7663.66,5612.19,2051.47
S0348,2026-07-07,Colombo,Western,P008,Cooking Oil,Groceries,Customer_099,Mobile Wallet,338.2,7.0,0.105,2118.82,1603.05,515.77
S0349,2026-07-22,Kurunegala,North Western,P013,Biscuits,Snacks,Customer_025,Mobile Wallet,243.01,6.0,0.031,1412.86,1129.71,283.15
S0350,2026-07-05,Colombo,Western,P018,Dish Wash,Household,Customer_041,Card,920.68,2.0,0.167,1533.85,1062.07,471.78
S0351,2026-07-01,Colombo,Western,P009,Milk,Dairy,Customer_003,Online,1178.17,3.0,0.082,3244.68,2432.36,812.32
S0352,2026-07-09,Colombo,Western,P011,Cheese,Dairy,Customer_056,Cash,575.69,3.0,0.025,1683.89,1240.8,443.09
S0353,2026-07-14,Colombo,Western,P014,Chips,Snacks,Customer_055,Cash,561.38,4.0,0.091,2041.18,1767.34,273.84
S0354,2026-07-14,Colombo,Western,P016,Nuts,Snacks,Customer_026,Card,477.23,7.0,0.118,2946.42,2562.97,383.45
S0355,2026-07-21,Kurunegala,North Western,P005,Rice,Groceries,Customer_009,Mobile Wallet,1024.0,8.0,0.073,7593.98,6315.16,1278.82
S0356,2026-07-25,Kandy,Central,P008,Cooking Oil,Groceries,Customer_045,Card,746.98,1.0,0.063,699.92,501.13,198.79
S0357,2026-07-24,Galle,Southern,P007,Dhal,Groceries,Customer_057,Cash,886.83,9.0,0.179,6552.79,5609.83,942.96
S0358,2026-07-27,Colombo,Western,P017,Detergent,Household,Customer_058,Cash,1381.85,8.0,0.189,8965.44,7552.31,1413.13
S0359,2026-07-11,Jaffna,Northern,P016,Nuts,Snacks,Customer_047,Mobile Wallet,802.5,3.0,0.151,2043.97,1711.39,332.58
S0360,2026-07-15,Kurunegala,North Western,P014,Chips,Snacks,Customer_072,Cash,649.06,5.0,0.111,2885.07,2071.88,813.19
S0361,2026-07-05,Kurunegala,North Western,P004,Mineral Water,Beverages,Customer_067,Card,632.02,9.0,0.082,5221.75,4209.08,1012.67
S0362,2026-07-21,Jaffna,Northern,P010,Yogurt,Dairy,Customer_056,Card,1177.33,8.0,0.084,8627.47,6774.06,1853.41
S0363,2026-07-06,Galle,Southern,P011,Cheese,Dairy,Customer_059,Online,193.06,10.0,0.033,1866.89,1521.51,345.38
S0364,2026-07-11,Jaffna,Northern,P007,Dhal,Groceries,Customer_012,Card,724.37,2.0,0.115,1282.13,1076.21,205.92
S0365,2026-07-08,Galle,Southern,P005,Rice,Groceries,Customer_028,Card,1060.41,10.0,0.12,9331.61,6746.53,2585.08
S0366,2026-07-24,Colombo,Western,P012,Butter,Dairy,Customer_016,Cash,983.82,6.0,0.052,5595.97,3883.66,1712.31
S0367,2026-07-06,Kurunegala,North Western,P019,Tissue,Household,Customer_081,Card,886.83,4.0,0.058,3341.58,2447.37,894.21
S0368,2026-07-25,Kandy,Central,P002,Pepsi,Beverages,Customer_012,Mobile Wallet,244.76,2.0,0.19,396.51,337.56,58.95
S0369,2026-07-02,Colombo,Western,P003,Fruit Juice,Beverages,Customer_079,Cash,331.07,4.0,0.179,1087.23,921.4,165.83
S0370,2026-07-01,Colombo,Western,P002,Pepsi,Beverages,Customer_049,Cash,178.99,1.0,0.001,178.81,124.34,54.47
S0371,2026-07-27,Kurunegala,North Western,P001,Coca Cola,Beverages,Customer_062,Cash,209.03,9.0,0.189,1525.71,1295.68,230.03
S0372,2026-07-31,Colombo,Western,P009,Milk,Dairy,Customer_058,Online,569.85,7.0,0.117,3522.24,2952.09,570.15
S0373,2026-07-20,Jaffna,Northern,P013,Biscuits,Snacks,Customer_007,Cash,369.82,9.0,0.157,2805.82,2258.15,547.67
S0374,2026-07-06,Kurunegala,North Western,P014,Chips,Snacks,Customer_036,Mobile Wallet,407.65,8.0,0.015,3212.28,2482.1,730.18
S0375,2026-07-25,Colombo,Western,P004,Mineral Water,Beverages,Customer_047,Cash,416.19,7.0,0.038,2802.62,2393.96,408.66
S0376,2026-07-26,Colombo,Western,P005,Rice,Groceries,Customer_031,Card,801.18,3.0,0.118,2119.92,1733.74,386.18
S0377,2026-07-01,Colombo,Western,P011,Cheese,Dairy,Customer_083,Mobile Wallet,880.94,3.0,0.062,2478.97,1770.3,708.67
S0378,2026-07-10,Colombo,Western,P014,Chips,Snacks,Customer_073,Mobile Wallet,109.04,2.0,0.149,185.59,142.65,42.94
S0379,2026-07-24,Kandy,Central,P014,Chips,Snacks,Customer_011,Cash,373.47,1.0,0.149,317.82,270.91,46.91
S0380,2026-07-05,Colombo,Western,P002,Pepsi,Beverages,Customer_031,Mobile Wallet,167.76,3.0,0.053,476.61,408.76,67.85
S0381,2026-07-09,Jaffna,Northern,P013,Biscuits,Snacks,Customer_002,Cash,251.21,7.0,0.078,1621.31,1170.1,451.21
S0382,2026-07-16,Colombo,Western,P020,Soap,Household,Customer_041,Online,806.89,1.0,0.179,662.46,536.05,126.41
S0383,2026-07-11,Jaffna,Northern,P007,Dhal,Groceries,Customer_023,Card,722.71,8.0,0.177,4758.32,3634.95,1123.37
S0384,2026-07-05,Jaffna,Northern,P003,Fruit Juice,Beverages,Customer_051,Online,190.53,4.0,0.124,667.62,494.71,172.91
S0385,2026-07-18,Jaffna,Northern,P002,Pepsi,Beverages,Customer_086,Card,606.13,6.0,0.164,3040.35,2516.47,523.88
S0386,2026-07-07,Colombo,Western,P020,Soap,Household,Customer_014,Cash,1190.68,9.0,0.16,9001.54,6229.45,2772.09
S0387,2026-07-03,Kandy,Central,P007,Dhal,Groceries,Customer_083,Mobile Wallet,288.08,6.0,0.111,1536.62,1135.6,401.02
S0388,2026-07-14,Colombo,Western,P012,Butter,Dairy,Customer_069,Cash,395.27,10.0,0.03,3834.12,2987.39,846.73
S0389,2026-07-07,Kandy,Central,P010,Yogurt,Dairy,Customer_056,Mobile Wallet,479.66,1.0,0.084,439.37,310.87,128.5
S0390,2026-07-28,Kurunegala,North Western,P003,Fruit Juice,Beverages,Customer_078,Cash,618.37,6.0,0.072,3443.08,2446.74,996.34
S0391,2026-07-02,Kandy,Central,P004,Mineral Water,Beverages,Customer_018,Cash,537.77,6.0,0.046,3078.2,2299.01,779.19
S0392,2026-07-02,Colombo,Western,P016,Nuts,Snacks,Customer_014,Card,528.94,6.0,0.073,2941.96,2211.05,730.91
S0393,2026-07-03,Galle,Southern,P020,Soap,Household,Customer_058,Card,1476.93,7.0,0.15,8787.73,7008.59,1779.14
S0394,2026-07-26,Kurunegala,North Western,P011,Cheese,Dairy,Customer_027,Online,1084.81,9.0,0.072,9060.33,6791.33,2269.0
S0395,2026-07-09,Kurunegala,North Western,P013,Biscuits,Snacks,Customer_060,Card,737.77,3.0,0.178,1819.34,1595.19,224.15
S0396,2026-07-02,Kurunegala,North Western,P014,Chips,Snacks,Customer_043,Online,369.88,7.0,0.151,2198.2,1584.84,613.36
S0397,2026-07-15,Colombo,Western,P007,Dhal,Groceries,Customer_046,Card,1499.33,5.0,0.175,6184.74,4210.53,1974.21
S0398,2026-07-08,Colombo,Western,P017,Detergent,Household,Customer_091,Online,1307.92,6.0,0.145,6709.63,4721.38,1988.25
S0399,2026-07-25,Colombo,Western,P012,Butter,Dairy,Customer_006,Cash,465.3,9.0,0.155,3538.61,2842.89,695.72
S0400,2026-07-24,Kandy,Central,P003,Fruit Juice,Beverages,Customer_058,Online,409.49,4.0,0.184,1336.58,958.27,378.31
S0401,2026-07-02,Jaffna,Northern,P019,Tissue,Household,Customer_009,Online,1118.25,7.0,0.075,7240.67,6000.45,1240.22
S0402,2026-07-15,Colombo,Western,P002,Pepsi,Beverages,Customer_037,Cash,348.71,1.0,0.197,280.01,240.43,39.58
S0403,2026-07-04,Colombo,Western,P003,Fruit Juice,Beverages,Customer_028,Online,252.04,2.0,0.187,409.82,322.59,87.23
S0404,2026-07-27,Kurunegala,North Western,P004,Mineral Water,Beverages,Customer_018,Online,444.23,6.0,0.168,2217.6,1770.2,447.4
S0405,2026-07-11,Colombo,Western,P012,Butter,Dairy,Customer_060,Card,1140.85,9.0,0.035,9908.28,7657.26,2251.02
S0406,2026-07-14,Kurunegala,North Western,P003,Fruit Juice,Beverages,Customer_060,Card,438.49,1.0,0.007,435.42,323.63,111.79
S0407,2026-07-26,Colombo,Western,P007,Dhal,Groceries,Customer_032,Cash,313.55,10.0,0.155,2649.5,1817.94,831.56
S0408,2026-07-11,Kandy,Central,P011,Cheese,Dairy,Customer_022,Cash,182.61,5.0,0.164,763.31,640.29,123.02
S0409,2026-07-31,Galle,Southern,P007,Dhal,Groceries,Customer_008,Mobile Wallet,1278.59,4.0,0.131,4444.38,3679.77,764.61
S0410,2026-07-16,Galle,Southern,P015,Chocolate,Snacks,Customer_036,Online,631.08,7.0,0.186,3595.89,3127.78,468.11
S0411,2026-07-18,Galle,Southern,P014,Chips,Snacks,Customer_014,Cash,326.73,6.0,0.152,1662.4,1198.19,464.21
S0412,2026-07-08,Galle,Southern,P015,Chocolate,Snacks,Customer_080,Cash,584.2,6.0,0.083,3214.27,2388.59,825.68
S0413,2026-07-24,Kurunegala,North Western,P016,Nuts,Snacks,Customer_024,Online,273.03,8.0,0.076,2018.24,1491.8,526.44
S0414,2026-07-07,Kandy,Central,P010,Yogurt,Dairy,Customer_078,Card,562.77,6.0,0.192,2728.31,2379.39,348.92
S0415,2026-07-22,Colombo,Western,P006,Sugar,Groceries,Customer_067,Card,347.44,5.0,0.061,1631.23,1271.84,359.39
S0416,2026-07-01,Colombo,Western,P018,Dish Wash,Household,Customer_081,Online,1122.45,5.0,0.126,4905.11,3710.72,1194.39
S0417,2026-07-07,Galle,Southern,P019,Tissue,Household,Customer_060,Online,1016.74,5.0,0.159,4275.39,3144.76,1130.63
S0418,2026-07-04,Galle,Southern,P009,Milk,Dairy,Customer_060,Cash,482.73,1.0,0.181,395.36,324.94,70.42
S0419,2026-07-29,Colombo,Western,P015,Chocolate,Snacks,Customer_093,Cash,238.71,8.0,0.188,1550.66,1255.38,295.28
S0420,2026-07-02,Colombo,Western,P014,Chips,Snacks,Customer_043,Online,516.26,2.0,0.054,976.76,674.06,302.7
S0421,2026-07-11,Kurunegala,North Western,P017,Detergent,Household,Customer_026,Card,360.8,6.0,0.15,1840.08,1277.42,562.66
S0422,2026-07-02,Kandy,Central,P018,Dish Wash,Household,Customer_080,Card,654.83,8.0,0.184,4274.73,2912.41,1362.32
S0423,2026-07-12,Colombo,Western,P008,Cooking Oil,Groceries,Customer_054,Online,359.66,4.0,0.183,1175.37,846.97,328.4
S0424,2026-07-09,Galle,Southern,P019,Tissue,Household,Customer_052,Mobile Wallet,1065.89,3.0,0.07,2973.83,2398.48,575.35
S0425,2026-07-17,Jaffna,Northern,P006,Sugar,Groceries,Customer_060,Cash,937.68,9.0,0.115,7468.62,5345.61,2123.01
S0426,2026-07-15,Colombo,Western,P016,Nuts,Snacks,Customer_049,Cash,447.14,5.0,0.162,1873.52,1396.0,477.52
S0427,2026-07-08,Kurunegala,North Western,P012,Butter,Dairy,Customer_030,Mobile Wallet,771.94,3.0,0.135,2003.18,1410.11,593.07
S0428,2026-07-09,Kandy,Central,P007,Dhal,Groceries,Customer_075,Cash,1567.29,8.0,0.019,12300.09,9322.33,2977.76
S0429,2026-07-13,Galle,Southern,P017,Detergent,Household,Customer_100,Card,689.74,4.0,0.039,2651.36,2158.29,493.07
S0430,2026-07-25,Colombo,Western,P020,Soap,Household,Customer_029,Mobile Wallet,947.89,10.0,0.134,8208.73,6224.12,1984.61
S0431,2026-07-05,Colombo,Western,P006,Sugar,Groceries,Customer_087,Online,831.26,9.0,0.196,6015.0,4097.79,1917.21
S0432,2026-07-21,Galle,Southern,P002,Pepsi,Beverages,Customer_025,Cash,229.04,3.0,0.036,662.38,574.2,88.18
S0433,2026-07-23,Colombo,Western,P016,Nuts,Snacks,Customer_042,Cash,859.74,7.0,0.043,5759.4,3961.66,1797.74
S0434,2026-07-24,Galle,Southern,P015,Chocolate,Snacks,Customer_069,Card,774.8,10.0,0.143,6640.04,5355.58,1284.46
S0435,2026-07-31,Kurunegala,North Western,P007,Dhal,Groceries,Customer_082,Card,551.02,3.0,0.056,1560.49,1364.23,196.26
S0436,2026-07-11,Jaffna,Northern,P016,Nuts,Snacks,Customer_062,Card,156.37,9.0,0.103,1262.38,970.12,292.26
S0437,2026-07-13,Colombo,Western,P010,Yogurt,Dairy,Customer_074,Cash,650.72,7.0,0.045,4350.06,2994.94,1355.12
S0438,2026-07-22,Colombo,Western,P014,Chips,Snacks,Customer_024,Card,517.23,4.0,0.059,1946.85,1343.77,603.08
S0439,2026-07-12,Kurunegala,North Western,P004,Mineral Water,Beverages,Customer_086,Mobile Wallet,374.29,5.0,0.004,1863.96,1338.52,525.44
S0440,2026-07-18,Galle,Southern,P004,Mineral Water,Beverages,Customer_086,Online,564.16,8.0,0.161,3786.64,2827.85,958.79
S0441,2026-07-28,Colombo,Western,P016,Nuts,Snacks,Customer_050,Mobile Wallet,189.0,4.0,0.086,690.98,522.93,168.05
S0442,2026-07-02,Colombo,Western,P006,Sugar,Groceries,Customer_033,Cash,873.24,7.0,0.083,5605.33,4108.34,1496.99
S0443,2026-07-08,Galle,Southern,P011,Cheese,Dairy,Customer_052,Card,1128.23,9.0,0.071,9433.13,6859.56,2573.57
S0444,2026-07-28,Jaffna,Northern,P016,Nuts,Snacks,Customer_064,Cash,592.78,6.0,0.095,3218.8,2520.64,698.16
S0445,2026-07-02,Galle,Southern,P017,Detergent,Household,Customer_061,Mobile Wallet,333.88,1.0,0.129,290.81,250.17,40.64
S0446,2026-07-07,Colombo,Western,P009,Milk,Dairy,Customer_097,Mobile Wallet,1159.83,4.0,0.014,4574.37,3205.9,1368.47
S0447,2026-07-17,Kandy,Central,P001,Coca Cola,Beverages,Customer_066,Mobile Wallet,586.24,6.0,0.055,3323.98,2485.98,838.0
S0448,2026-07-30,Colombo,Western,P014,Chips,Snacks,Customer_010,Cash,552.82,9.0,0.183,4064.89,3197.47,867.42
S0449,2026-07-13,Kurunegala,North Western,P007,Dhal,Groceries,Customer_014,Mobile Wallet,1263.2,9.0,0.064,10641.2,9343.12,1298.08
S0450,2026-07-28,Galle,Southern,P011,Cheese,Dairy,Customer_062,Cash,685.03,3.0,0.122,1804.37,1454.65,349.72
S0451,2026-07-03,Galle,Southern,P008,Cooking Oil,Groceries,Customer_071,Online,897.04,1.0,0.12,789.4,604.24,185.16
S0452,2026-07-23,Kandy,Central,P008,Cooking Oil,Groceries,Customer_092,Mobile Wallet,1256.09,4.0,0.043,4808.31,3744.3,1064.01
S0453,2026-07-08,Kurunegala,North Western,P020,Soap,Household,Customer_048,Mobile Wallet,374.64,3.0,0.09,1022.77,847.87,174.9
S0454,2026-07-17,Colombo,Western,P004,Mineral Water,Beverages,Customer_070,Online,409.49,8.0,0.068,3053.16,2085.25,967.91
S0455,2026-07-16,Kandy,Central,P012,Butter,Dairy,Customer_059,Online,222.12,9.0,0.032,1935.11,1381.02,554.09
S0456,2026-07-06,Colombo,Western,P010,Yogurt,Dairy,Customer_097,Card,650.68,5.0,0.178,2674.29,1990.68,683.61
S0457,2026-07-28,Kandy,Central,P008,Cooking Oil,Groceries,Customer_065,Cash,636.02,4.0,0.119,2241.33,1936.32,305.01
S0458,2026-07-10,Kurunegala,North Western,P019,Tissue,Household,Customer_021,Online,419.38,2.0,0.193,676.88,516.74,160.14
S0459,2026-07-18,Kandy,Central,P015,Chocolate,Snacks,Customer_016,Mobile Wallet,351.94,8.0,0.016,2770.47,2130.53,639.94
S0460,2026-07-14,Colombo,Western,P018,Dish Wash,Household,Customer_062,Online,1171.2,8.0,0.057,8835.53,6337.54,2497.99
S0461,2026-07-10,Colombo,Western,P013,Biscuits,Snacks,Customer_045,Cash,841.69,4.0,0.023,3289.32,2426.01,863.31
S0462,2026-07-23,Colombo,Western,P018,Dish Wash,Household,Customer_067,Card,804.49,4.0,0.023,3143.95,2697.28,446.67
S0463,2026-07-13,Galle,Southern,P010,Yogurt,Dairy,Customer_088,Card,906.2,9.0,0.191,6598.04,5546.11,1051.93
S0464,2026-07-01,Kurunegala,North Western,P008,Cooking Oil,Groceries,Customer_004,Cash,990.04,10.0,0.135,8563.85,6705.29,1858.56
S0465,2026-07-29,Colombo,Western,P013,Biscuits,Snacks,Customer_023,Mobile Wallet,200.37,6.0,0.173,994.24,821.76,172.48
S0466,2026-07-15,Galle,Southern,P008,Cooking Oil,Groceries,Customer_011,Online,733.17,7.0,0.13,4465.01,3546.09,918.92
S0467,2026-07-18,Kurunegala,North Western,P002,Pepsi,Beverages,Customer_042,Cash,645.04,2.0,0.04,1238.48,1010.87,227.61
S0468,2026-07-29,Kandy,Central,P011,Cheese,Dairy,Customer_026,Cash,960.36,1.0,0.152,814.39,651.95,162.44
S0469,2026-07-17,Kandy,Central,P019,Tissue,Household,Customer_062,Cash,992.95,3.0,0.123,2612.45,1902.84,709.61
S0470,2026-07-27,Kandy,Central,P011,Cheese,Dairy,Customer_024,Cash,692.5,10.0,0.042,6634.15,5792.34,841.81
S0471,2026-07-07,Colombo,Western,P004,Mineral Water,Beverages,Customer_098,Cash,333.19,6.0,0.148,1703.27,1231.82,471.45
S0472,2026-07-02,Galle,Southern,P010,Yogurt,Dairy,Customer_018,Mobile Wallet,879.0,2.0,0.044,1680.65,1324.98,355.67
S0473,2026-07-07,Kandy,Central,P007,Dhal,Groceries,Customer_039,Card,1570.53,1.0,0.025,1531.27,1101.24,430.03
S0474,2026-07-01,Colombo,Western,P001,Coca Cola,Beverages,Customer_076,Mobile Wallet,174.16,6.0,0.015,1029.29,823.48,205.81
S0475,2026-07-11,Kurunegala,North Western,P001,Coca Cola,Beverages,Customer_082,Mobile Wallet,540.21,2.0,0.055,1021.0,765.99,255.01
S0476,2026-07-27,Jaffna,Northern,P017,Detergent,Household,Customer_080,Card,580.16,6.0,0.176,2868.31,2418.64,449.67
S0477,2026-07-26,Galle,Southern,P020,Soap,Household,Customer_039,Card,1423.68,8.0,0.167,9487.4,6695.01,2792.39
S0478,2026-07-24,Kandy,Central,P015,Chocolate,Snacks,Customer_049,Online,605.36,8.0,0.178,3980.85,3116.64,864.21
S0479,2026-07-28,Galle,Southern,P001,Coca Cola,Beverages,Customer_099,Mobile Wallet,236.83,8.0,0.165,1582.02,1203.58,378.44
S0480,2026-07-05,Galle,Southern,P005,Rice,Groceries,Customer_015,Cash,1475.98,8.0,0.11,10508.98,7931.04,2577.94
S0481,2026-07-21,Kandy,Central,P003,Fruit Juice,Beverages,Customer_070,Mobile Wallet,317.62,7.0,0.09,2023.24,1557.11,466.13
S0482,2026-07-19,Galle,Southern,P011,Cheese,Dairy,Customer_094,Card,734.17,3.0,0.15,1872.13,1376.37,495.76
S0483,2026-07-13,Jaffna,Northern,P002,Pepsi,Beverages,Customer_014,Mobile Wallet,264.02,5.0,0.026,1285.78,1025.9,259.88
S0484,2026-07-07,Galle,Southern,P004,Mineral Water,Beverages,Customer_007,Card,405.29,10.0,0.184,3307.17,2702.14,605.03
S0485,2026-07-10,Kandy,Central,P019,Tissue,Household,Customer_047,Online,1111.57,10.0,0.124,9737.35,8470.46,1266.89
S0486,2026-07-11,Colombo,Western,P019,Tissue,Household,Customer_085,Mobile Wallet,686.69,9.0,0.141,5308.8,4217.71,1091.09
S0487,2026-07-07,Galle,Southern,P017,Detergent,Household,Customer_066,Cash,946.75,10.0,0.05,8994.12,7079.71,1914.41
S0488,2026-07-29,Colombo,Western,P010,Yogurt,Dairy,Customer_081,Cash,366.77,6.0,0.092,1998.16,1507.6,490.56
S0489,2026-07-01,Kurunegala,North Western,P001,Coca Cola,Beverages,Customer_067,Online,363.81,6.0,0.049,2075.9,1732.58,343.32
S0490,2026-07-01,Jaffna,Northern,P015,Chocolate,Snacks,Customer_062,Card,596.07,6.0,0.08,3290.31,2595.76,694.55
S0491,2026-07-17,Colombo,Western,P011,Cheese,Dairy,Customer_081,Online,243.0,4.0,0.097,877.72,680.99,196.73
S0492,2026-07-30,Kurunegala,North Western,P006,Sugar,Groceries,Customer_048,Cash,388.07,2.0,0.126,678.35,594.2,84.15
S0493,2026-07-10,Jaffna,Northern,P016,Nuts,Snacks,Customer_005,Cash,329.17,8.0,0.171,2183.06,1847.16,335.9
S0494,2026-07-23,Galle,Southern,P014,Chips,Snacks,Customer_060,Mobile Wallet,332.42,3.0,0.11,887.56,774.72,112.84
S0495,2026-07-15,Colombo,Western,P007,Dhal,Groceries,Customer_049,Mobile Wallet,806.49,10.0,0.04,7742.3,6044.76,1697.54
S0496,2026-07-21,Colombo,Western,P014,Chips,Snacks,Customer_073,Cash,254.27,6.0,0.17,1266.26,907.0,359.26
S0497,2026-07-26,Colombo,Western,P011,Cheese,Dairy,Customer_036,Cash,643.63,5.0,0.022,3147.35,2589.75,557.6
S0498,2026-07-13,Colombo,Western,P012,Butter,Dairy,Customer_077,Card,677.4,8.0,0.179,4449.16,3845.43,603.73
S0499,2026-07-14,Galle,Southern,P011,Cheese,Dairy,Customer_079,Card,1134.3,4.0,0.09,4128.85,3477.63,651.22
S0500,2026-07-21,Kurunegala,North Western,P017,Detergent,Household,Customer_060,Card,697.53,5.0,0.17,2894.75,2109.99,784.76
S0501,2026-07-12,Galle,Southern,P016,Nuts,Snacks,Customer_052,Cash,194.87,7.0,0.05,1295.89,895.22,400.67
S0502,2026-07-01,Galle,Southern,P011,Cheese,Dairy,Customer_019,Online,841.45,8.0,0.161,5647.81,3949.36,1698.45
S0503,2026-07-30,Galle,Southern,P007,Dhal,Groceries,Customer_052,Card,1559.84,7.0,0.066,10198.23,7636.08,2562.15
S0504,2026-07-14,Colombo,Western,P010,Yogurt,Dairy,Customer_081,Card,216.98,9.0,0.199,1564.21,1137.33,426.88
S0505,2026-07-19,Kandy,Central,P018,Dish Wash,Household,Customer_036,Mobile Wallet,842.49,6.0,0.195,4069.23,2884.56,1184.67
S0506,2026-07-24,Kurunegala,North Western,P016,Nuts,Snacks,Customer_028,Mobile Wallet,825.97,1.0,0.075,764.02,643.29,120.73
S0507,2026-07-19,Jaffna,Northern,P001,Coca Cola,Beverages,Customer_070,Mobile Wallet,190.67,1.0,0.04,183.04,150.04,33.0
S0508,2026-07-18,Kandy,Central,P012,Butter,Dairy,Customer_065,Online,636.66,5.0,0.148,2712.17,2297.95,414.22
S0509,2026-07-18,Galle,Southern,P008,Cooking Oil,Groceries,Customer_093,Mobile Wallet,575.31,4.0,0.091,2091.83,1569.82,522.01
S0510,2026-07-14,Galle,Southern,P002,Pepsi,Beverages,Customer_004,Mobile Wallet,330.12,5.0,0.097,1490.49,1090.18,400.31
S0511,2026-07-25,Colombo,Western,P014,Chips,Snacks,Customer_039,Cash,161.5,9.0,0.189,1178.79,984.56,194.23
S0512,2026-07-24,Kurunegala,North Western,P005,Rice,Groceries,Customer_011,Mobile Wallet,1495.65,4.0,0.09,5444.17,4566.95,877.22
S0513,2026-07-17,Galle,Southern,P007,Dhal,Groceries,Customer_071,Cash,782.69,10.0,0.132,6793.75,4967.19,1826.56
S0514,2026-07-15,Colombo,Western,P013,Biscuits,Snacks,Customer_072,Mobile Wallet,188.24,4.0,0.1,677.66,497.84,179.82
S0515,2026-07-02,Galle,Southern,P020,Soap,Household,Customer_069,Cash,270.92,9.0,0.041,2338.31,1760.47,577.84
S0516,2026-07-27,Colombo,Western,P009,Milk,Dairy,Customer_090,Mobile Wallet,1035.22,8.0,0.005,8240.35,6469.96,1770.39
S0517,2026-07-09,Kurunegala,North Western,P003,Fruit Juice,Beverages,Customer_060,Card,611.83,4.0,0.012,2417.95,1665.27,752.68
S0518,2026-07-23,Colombo,Western,P003,Fruit Juice,Beverages,Customer_012,Online,487.98,1.0,0.193,393.8,273.1,120.7
S0519,2026-07-04,Kurunegala,North Western,P015,Chocolate,Snacks,Customer_079,Cash,234.99,2.0,0.034,454.0,375.6,78.4
S0520,2026-07-20,Colombo,Western,P003,Fruit Juice,Beverages,Customer_007,Card,464.35,3.0,0.039,1338.72,1032.16,306.56
S0521,2026-07-09,Colombo,Western,P002,Pepsi,Beverages,Customer_068,Card,451.38,3.0,0.094,1226.85,900.33,326.52
S0522,2026-07-04,Galle,Southern,P011,Cheese,Dairy,Customer_022,Cash,832.98,2.0,0.193,1344.43,1011.44,332.99
S0523,2026-07-11,Galle,Southern,P014,Chips,Snacks,Customer_021,Mobile Wallet,430.26,7.0,0.134,2608.24,2106.96,501.28
S0524,2026-07-02,Kandy,Central,P012,Butter,Dairy,Customer_093,Mobile Wallet,915.23,8.0,0.167,6099.09,4379.94,1719.15
S0525,2026-07-05,Galle,Southern,P009,Milk,Dairy,Customer_028,Cash,316.15,3.0,0.154,802.39,570.22,232.17
S0526,2026-07-18,Kurunegala,North Western,P012,Butter,Dairy,Customer_088,Card,201.96,8.0,0.06,1518.74,1321.42,197.32
S0527,2026-07-22,Galle,Southern,P020,Soap,Household,Customer_092,Mobile Wallet,1169.28,6.0,0.159,5900.19,4014.31,1885.88
S0528,2026-07-15,Galle,Southern,P004,Mineral Water,Beverages,Customer_025,Online,169.38,5.0,0.139,729.18,589.53,139.65
S0529,2026-07-30,Kandy,Central,P013,Biscuits,Snacks,Customer_090,Card,568.07,10.0,0.18,4658.17,3981.98,676.19
S0530,2026-07-15,Colombo,Western,P014,Chips,Snacks,Customer_066,Mobile Wallet,698.56,6.0,0.052,3973.41,3422.14,551.27
S0531,2026-07-22,Kandy,Central,P005,Rice,Groceries,Customer_032,Cash,1108.61,4.0,0.124,3884.57,3041.27,843.3
S0532,2026-07-02,Galle,Southern,P004,Mineral Water,Beverages,Customer_024,Card,456.04,6.0,0.089,2492.71,2110.34,382.37
S0533,2026-07-15,Colombo,Western,P011,Cheese,Dairy,Customer_021,Online,989.16,6.0,0.142,5092.2,4084.8,1007.4
S0534,2026-07-23,Kurunegala,North Western,P007,Dhal,Groceries,Customer_004,Online,1570.39,5.0,0.193,6336.52,5326.68,1009.84
S0535,2026-07-01,Kurunegala,North Western,P009,Milk,Dairy,Customer_009,Cash,206.18,6.0,0.073,1146.77,788.5,358.27
S0536,2026-07-04,Colombo,Western,P008,Cooking Oil,Groceries,Customer_058,Card,1570.68,7.0,0.187,8938.74,7322.33,1616.41
S0537,2026-07-19,Kandy,Central,P004,Mineral Water,Beverages,Customer_087,Cash,188.07,2.0,0.147,320.85,251.31,69.54
S0538,2026-07-03,Kurunegala,North Western,P016,Nuts,Snacks,Customer_066,Mobile Wallet,557.1,7.0,0.03,3782.71,2718.08,1064.63
S0539,2026-07-06,Galle,Southern,P017,Detergent,Household,Customer_020,Mobile Wallet,1126.6,4.0,0.065,4213.48,3472.06,741.42
S0540,2026-07-03,Colombo,Western,P006,Sugar,Groceries,Customer_025,Cash,1731.11,8.0,0.072,12851.76,8918.71,3933.05
S0541,2026-07-19,Kandy,Central,P011,Cheese,Dairy,Customer_013,Card,621.53,5.0,0.014,3064.14,2197.33,866.81
S0542,2026-07-07,Kandy,Central,P010,Yogurt,Dairy,Customer_083,Card,591.53,4.0,0.11,2105.85,1837.97,267.88
S0543,2026-07-02,Kandy,Central,P019,Tissue,Household,Customer_040,Mobile Wallet,1303.76,3.0,0.113,3469.31,3037.29,432.02
S0544,2026-07-09,Kandy,Central,P011,Cheese,Dairy,Customer_002,Mobile Wallet,669.02,5.0,0.07,3110.94,2469.22,641.72
S0545,2026-07-22,Colombo,Western,P006,Sugar,Groceries,Customer_045,Online,1443.96,10.0,0.162,12100.38,8435.2,3665.18
S0546,2026-07-28,Colombo,Western,P002,Pepsi,Beverages,Customer_063,Mobile Wallet,261.45,2.0,0.055,494.14,383.3,110.84
S0547,2026-07-05,Colombo,Western,P016,Nuts,Snacks,Customer_090,Online,249.01,3.0,0.025,728.35,551.58,176.77
S0548,2026-07-10,Galle,Southern,P011,Cheese,Dairy,Customer_060,Card,777.74,7.0,0.135,4709.22,3389.68,1319.54
S0549,2026-07-02,Jaffna,Northern,P008,Cooking Oil,Groceries,Customer_091,Mobile Wallet,1655.01,5.0,0.185,6744.17,5476.12,1268.05
S0550,2026-07-04,Colombo,Western,P009,Milk,Dairy,Customer_095,Card,248.76,7.0,0.055,1645.55,1191.57,453.98
S0551,2026-07-20,Colombo,Western,P017,Detergent,Household,Customer_085,Card,563.09,5.0,0.034,2719.72,2337.06,382.66
S0552,2026-07-29,Colombo,Western,P016,Nuts,Snacks,Customer_004,Mobile Wallet,353.73,4.0,0.009,1402.19,1207.47,194.72
S0553,2026-07-22,Galle,Southern,P001,Coca Cola,Beverages,Customer_018,Online,338.11,9.0,0.124,2665.66,2163.83,501.83
S0554,2026-07-31,Galle,Southern,P012,Butter,Dairy,Customer_047,Card,1045.9,4.0,0.178,3438.92,2360.32,1078.6
S0555,2026-07-13,Colombo,Western,P009,Milk,Dairy,Customer_057,Cash,1183.74,9.0,0.097,9620.25,8286.25,1334.0
S0556,2026-07-19,Colombo,Western,P017,Detergent,Household,Customer_033,Card,1166.05,8.0,0.138,8041.08,6475.01,1566.07
S0557,2026-07-03,Kurunegala,North Western,P019,Tissue,Household,Customer_087,Mobile Wallet,1493.03,1.0,0.1,1343.73,1070.38,273.35
S0558,2026-07-02,Galle,Southern,P008,Cooking Oil,Groceries,Customer_008,Mobile Wallet,1607.73,6.0,0.123,8459.88,6370.4,2089.48
S0559,2026-07-25,Jaffna,Northern,P020,Soap,Household,Customer_017,Cash,1240.76,8.0,0.07,9231.25,8050.76,1180.49
S0560,2026-07-22,Kandy,Central,P007,Dhal,Groceries,Customer_056,Cash,1246.6,8.0,0.024,9733.45,7803.63,1929.82
S0561,2026-07-02,Kurunegala,North Western,P017,Detergent,Household,Customer_079,Online,1074.9,4.0,0.024,4196.41,3265.45,930.96
S0562,2026-07-05,Galle,Southern,P010,Yogurt,Dairy,Customer_085,Online,924.22,2.0,0.179,1517.57,1055.71,461.86
S0563,2026-07-21,Kurunegala,North Western,P010,Yogurt,Dairy,Customer_051,Mobile Wallet,1053.19,10.0,0.181,8625.63,7553.51,1072.12
S0564,2026-07-06,Kandy,Central,P007,Dhal,Groceries,Customer_096,Cash,1195.55,2.0,0.125,2092.21,1626.57,465.64
S0565,2026-07-23,Kurunegala,North Western,P004,Mineral Water,Beverages,Customer_008,Mobile Wallet,585.64,10.0,0.19,4743.68,3932.8,810.88
S0566,2026-07-23,Kurunegala,North Western,P015,Chocolate,Snacks,Customer_069,Online,759.61,4.0,0.013,2998.94,2430.24,568.7
S0567,2026-07-13,Kandy,Central,P016,Nuts,Snacks,Customer_001,Card,480.15,1.0,0.02,470.55,334.77,135.78
S0568,2026-07-01,Kandy,Central,P015,Chocolate,Snacks,Customer_045,Cash,554.26,10.0,0.184,4522.76,3381.73,1141.03
S0569,2026-07-23,Kurunegala,North Western,P019,Tissue,Household,Customer_052,Cash,277.93,7.0,0.05,1848.23,1541.99,306.24
S0570,2026-07-01,Colombo,Western,P018,Dish Wash,Household,Customer_032,Cash,1486.82,9.0,0.184,10919.21,7989.77,2929.44
S0571,2026-07-21,Kurunegala,North Western,P006,Sugar,Groceries,Customer_069,Mobile Wallet,191.57,3.0,0.091,522.41,381.62,140.79
S0572,2026-07-16,Colombo,Western,P012,Butter,Dairy,Customer_061,Online,549.45,8.0,0.096,3973.62,3441.64,531.98
S0573,2026-07-13,Kandy,Central,P016,Nuts,Snacks,Customer_073,Cash,520.53,10.0,0.146,4445.33,3136.68,1308.65
S0574,2026-07-23,Colombo,Western,P011,Cheese,Dairy,Customer_095,Cash,1164.27,4.0,0.009,4615.17,3349.43,1265.74
S0575,2026-07-07,Kandy,Central,P009,Milk,Dairy,Customer_002,Online,688.27,10.0,0.112,6111.84,4496.46,1615.38
S0576,2026-07-05,Kandy,Central,P005,Rice,Groceries,Customer_015,Cash,1572.84,2.0,0.124,2755.62,2024.43,731.19
S0577,2026-07-08,Galle,Southern,P001,Coca Cola,Beverages,Customer_034,Cash,340.35,6.0,0.125,1786.84,1404.63,382.21
S0578,2026-07-08,Jaffna,Northern,P010,Yogurt,Dairy,Customer_068,Online,408.52,6.0,0.135,2120.22,1783.76,336.46
S0579,2026-07-31,Galle,Southern,P003,Fruit Juice,Beverages,Customer_046,Card,202.78,10.0,0.021,1985.22,1638.35,346.87
S0580,2026-07-23,Kurunegala,North Western,P008,Cooking Oil,Groceries,Customer_086,Cash,1089.66,7.0,0.155,6445.34,5129.66,1315.68
S0581,2026-07-13,Kandy,Central,P017,Detergent,Household,Customer_073,Card,321.35,9.0,0.057,2727.3,1985.41,741.89
S0582,2026-07-03,Colombo,Western,P009,Milk,Dairy,Customer_047,Online,536.25,8.0,0.138,3697.98,3233.11,464.87
S0583,2026-07-14,Kurunegala,North Western,P007,Dhal,Groceries,Customer_079,Cash,797.19,1.0,0.032,771.68,608.42,163.26
S0584,2026-07-27,Kurunegala,North Western,P008,Cooking Oil,Groceries,Customer_092,Card,787.1,3.0,0.021,2311.71,1640.34,671.37
S0585,2026-07-22,Kandy,Central,P015,Chocolate,Snacks,Customer_010,Cash,321.32,3.0,0.133,835.75,588.12,247.63
S0586,2026-07-03,Colombo,Western,P003,Fruit Juice,Beverages,Customer_069,Mobile Wallet,471.12,7.0,0.095,2984.55,2475.29,509.26
S0587,2026-07-27,Kandy,Central,P020,Soap,Household,Customer_056,Card,433.38,3.0,0.197,1044.01,754.24,289.77
S0588,2026-07-08,Colombo,Western,P002,Pepsi,Beverages,Customer_099,Card,449.61,9.0,0.095,3662.07,2768.42,893.65
S0589,2026-07-01,Jaffna,Northern,P010,Yogurt,Dairy,Customer_083,Cash,317.81,8.0,0.124,2227.21,1781.42,445.79
S0590,2026-07-01,Kurunegala,North Western,P020,Soap,Household,Customer_087,Cash,527.69,9.0,0.101,4269.54,3596.03,673.51
S0591,2026-07-29,Colombo,Western,P017,Detergent,Household,Customer_047,Cash,455.83,10.0,0.199,3651.2,2936.58,714.62
S0592,2026-07-05,Galle,Southern,P011,Cheese,Dairy,Customer_098,Cash,468.2,6.0,0.084,2573.23,1841.73,731.5
S0593,2026-07-15,Colombo,Western,P018,Dish Wash,Household,Customer_097,Mobile Wallet,1369.91,10.0,0.157,11548.34,9669.89,1878.45
S0594,2026-07-13,Galle,Southern,P011,Cheese,Dairy,Customer_046,Card,991.02,7.0,0.031,6722.09,5054.18,1667.91
S0595,2026-07-08,Kandy,Central,P019,Tissue,Household,Customer_032,Card,1271.65,7.0,0.035,8590.0,6132.23,2457.77
S0596,2026-07-12,Colombo,Western,P016,Nuts,Snacks,Customer_006,Cash,629.76,4.0,0.042,2413.24,1811.02,602.22
S0597,2026-07-03,Kandy,Central,P013,Biscuits,Snacks,Customer_072,Mobile Wallet,666.53,8.0,0.019,5230.93,4223.15,1007.78
S0598,2026-07-12,Kurunegala,North Western,P018,Dish Wash,Household,Customer_053,Card,457.22,5.0,0.141,1963.76,1384.15,579.61
S0599,2026-07-19,Jaffna,Northern,P004,Mineral Water,Beverages,Customer_048,Card,546.92,10.0,0.111,4862.12,3658.35,1203.77
S0600,2026-07-30,Galle,Southern,P001,Coca Cola,Beverages,Customer_011,Card,478.29,6.0,0.031,2780.78,2093.92,686.86
S0601,2026-07-10,Colombo,Western,P015,Chocolate,Snacks,Customer_090,Online,347.33,5.0,0.199,1391.06,947.5,443.56
S0602,2026-07-15,Kurunegala,North Western,P011,Cheese,Dairy,Customer_089,Card,426.93,8.0,0.192,2759.68,2293.15,466.53
S0603,2026-07-18,Galle,Southern,P003,Fruit Juice,Beverages,Customer_019,Online,322.17,10.0,0.158,2712.67,2076.3,636.37
S0604,2026-07-07,Colombo,Western,P015,Chocolate,Snacks,Customer_069,Online,755.91,3.0,0.198,1818.72,1441.16,377.56
S0605,2026-07-08,Galle,Southern,P013,Biscuits,Snacks,Customer_003,Card,763.36,7.0,0.17,4435.12,3517.49,917.63
S0606,2026-07-07,Colombo,Western,P009,Milk,Dairy,Customer_063,Online,730.17,9.0,0.041,6302.1,4428.96,1873.14
S0607,2026-07-09,Kandy,Central,P018,Dish Wash,Household,Customer_077,Card,287.59,4.0,0.019,1128.5,801.43,327.07
S0608,2026-07-13,Colombo,Western,P009,Milk,Dairy,Customer_052,Card,323.72,2.0,0.042,620.25,423.07,197.18
S0609,2026-07-29,Galle,Southern,P019,Tissue,Household,Customer_086,Card,537.84,2.0,0.027,1046.64,888.85,157.79
S0610,2026-07-10,Galle,Southern,P004,Mineral Water,Beverages,Customer_069,Cash,369.38,2.0,0.098,666.36,561.99,104.37
S0611,2026-07-29,Colombo,Western,P018,Dish Wash,Household,Customer_093,Mobile Wallet,898.49,7.0,0.082,5773.7,4255.37,1518.33
S0612,2026-07-23,Jaffna,Northern,P011,Cheese,Dairy,Customer_025,Mobile Wallet,708.01,4.0,0.06,2662.12,1834.21,827.91
S0613,2026-07-27,Colombo,Western,P020,Soap,Household,Customer_017,Online,709.24,9.0,0.1,5744.84,4063.57,1681.27
S0614,2026-07-06,Colombo,Western,P010,Yogurt,Dairy,Customer_001,Card,992.9,4.0,0.041,3808.76,2782.49,1026.27
S0615,2026-07-03,Galle,Southern,P001,Coca Cola,Beverages,Customer_080,Cash,188.59,9.0,0.104,1520.79,1182.83,337.96
S0616,2026-07-01,Kandy,Central,P007,Dhal,Groceries,Customer_006,Online,702.12,8.0,0.104,5032.8,4044.44,988.36
S0617,2026-07-13,Kandy,Central,P001,Coca Cola,Beverages,Customer_046,Mobile Wallet,456.58,7.0,0.001,3192.86,2174.37,1018.49
S0618,2026-07-24,Kandy,Central,P015,Chocolate,Snacks,Customer_049,Card,861.66,8.0,0.064,6452.11,5034.16,1417.95
S0619,2026-07-24,Kurunegala,North Western,P004,Mineral Water,Beverages,Customer_059,Mobile Wallet,337.85,2.0,0.057,637.19,544.92,92.27
S0620,2026-07-24,Jaffna,Northern,P004,Mineral Water,Beverages,Customer_086,Online,531.1,10.0,0.076,4907.36,4199.44,707.92
S0621,2026-07-31,Kurunegala,North Western,P018,Dish Wash,Household,Customer_033,Card,1189.17,9.0,0.082,9824.92,6820.85,3004.07
S0622,2026-07-15,Galle,Southern,P014,Chips,Snacks,Customer_087,Card,336.46,1.0,0.121,295.75,239.69,56.06
S0623,2026-07-08,Kandy,Central,P016,Nuts,Snacks,Customer_003,Cash,194.91,2.0,0.185,317.7,251.1,66.6
S0624,2026-07-31,Colombo,Western,P002,Pepsi,Beverages,Customer_031,Online,500.17,2.0,0.021,979.33,725.84,253.49
S0625,2026-07-15,Kurunegala,North Western,P014,Chips,Snacks,Customer_011,Card,742.72,5.0,0.149,3160.27,2317.33,842.94
S0626,2026-07-14,Colombo,Western,P007,Dhal,Groceries,Customer_070,Mobile Wallet,1331.93,4.0,0.041,5109.28,3647.96,1461.32
S0627,2026-07-04,Galle,Southern,P002,Pepsi,Beverages,Customer_001,Mobile Wallet,629.16,10.0,0.16,5284.94,4155.51,1129.43
S0628,2026-07-23,Jaffna,Northern,P013,Biscuits,Snacks,Customer_020,Online,685.87,8.0,0.104,4916.32,4233.96,682.36
S0629,2026-07-16,Galle,Southern,P011,Cheese,Dairy,Customer_035,Online,1014.68,2.0,0.123,1779.75,1333.08,446.67
S0630,2026-07-26,Colombo,Western,P012,Butter,Dairy,Customer_092,Online,344.55,4.0,0.1,1240.38,971.57,268.81
S0631,2026-07-13,Kurunegala,North Western,P006,Sugar,Groceries,Customer_021,Mobile Wallet,906.25,9.0,0.065,7626.09,6047.05,1579.04
S0632,2026-07-09,Jaffna,Northern,P018,Dish Wash,Household,Customer_078,Card,435.36,8.0,0.063,3263.46,2575.28,688.18
S0633,2026-07-27,Kandy,Central,P015,Chocolate,Snacks,Customer_086,Card,186.88,6.0,0.139,965.42,823.5,141.92
S0634,2026-07-26,Colombo,Western,P012,Butter,Dairy,Customer_100,Online,1194.93,10.0,0.163,10001.56,7158.37,2843.19
S0635,2026-07-10,Kurunegala,North Western,P016,Nuts,Snacks,Customer_096,Online,162.55,6.0,0.067,909.95,707.5,202.45
S0636,2026-07-09,Galle,Southern,P017,Detergent,Household,Customer_085,Online,231.96,1.0,0.039,222.91,162.04,60.87
S0637,2026-07-27,Galle,Southern,P009,Milk,Dairy,Customer_002,Cash,882.81,5.0,0.186,3593.04,2878.09,714.95
S0638,2026-07-15,Colombo,Western,P005,Rice,Groceries,Customer_035,Online,1221.13,8.0,0.195,7864.08,5908.38,1955.7
S0639,2026-07-17,Galle,Southern,P004,Mineral Water,Beverages,Customer_065,Cash,163.05,3.0,0.132,424.58,369.66,54.92
S0640,2026-07-08,Colombo,Western,P002,Pepsi,Beverages,Customer_010,Cash,250.23,9.0,0.151,1912.01,1378.13,533.88
S0641,2026-07-29,Colombo,Western,P019,Tissue,Household,Customer_019,Cash,185.08,6.0,0.18,910.59,703.43,207.16
S0642,2026-07-26,Kurunegala,North Western,P015,Chocolate,Snacks,Customer_066,Cash,194.22,8.0,0.199,1244.56,994.38,250.18
S0643,2026-07-15,Colombo,Western,P014,Chips,Snacks,Customer_045,Mobile Wallet,207.65,1.0,0.086,189.79,135.25,54.54
S0644,2026-07-26,Colombo,Western,P017,Detergent,Household,Customer_042,Cash,481.05,9.0,0.187,3519.84,2645.37,874.47
S0645,2026-07-06,Colombo,Western,P014,Chips,Snacks,Customer_020,Online,665.39,4.0,0.115,2355.48,1769.73,585.75
S0646,2026-07-06,Colombo,Western,P012,Butter,Dairy,Customer_047,Mobile Wallet,246.39,8.0,0.123,1728.67,1364.88,363.79
S0647,2026-07-08,Galle,Southern,P013,Biscuits,Snacks,Customer_074,Online,194.18,3.0,0.025,567.98,413.58,154.4
S0648,2026-07-13,Kurunegala,North Western,P005,Rice,Groceries,Customer_061,Cash,513.93,9.0,0.018,4542.11,3417.37,1124.74
S0649,2026-07-24,Jaffna,Northern,P019,Tissue,Household,Customer_090,Cash,1419.68,2.0,0.081,2609.37,2125.85,483.52
S0650,2026-07-17,Kandy,Central,P013,Biscuits,Snacks,Customer_073,Cash,434.74,7.0,0.073,2821.03,2028.22,792.81
S0651,2026-07-28,Kurunegala,North Western,P019,Tissue,Household,Customer_071,Cash,384.86,1.0,0.111,342.14,299.51,42.63
S0652,2026-07-13,Kandy,Central,P020,Soap,Household,Customer_037,Cash,1331.74,9.0,0.11,10667.24,8329.73,2337.51
S0653,2026-07-01,Kandy,Central,P008,Cooking Oil,Groceries,Customer_078,Cash,257.93,3.0,0.138,667.01,545.86,121.15
S0654,2026-07-04,Kandy,Central,P012,Butter,Dairy,Customer_001,Online,563.04,1.0,0.039,541.08,413.51,127.57
S0655,2026-07-07,Kandy,Central,P005,Rice,Groceries,Customer_085,Cash,744.48,1.0,0.179,611.22,464.58,146.64
S0656,2026-07-10,Galle,Southern,P012,Butter,Dairy,Customer_013,Online,1089.55,1.0,0.124,954.45,681.74,272.71
S0657,2026-07-26,Jaffna,Northern,P016,Nuts,Snacks,Customer_006,Cash,465.15,1.0,0.177,382.82,293.62,89.2
S0658,2026-07-03,Jaffna,Northern,P006,Sugar,Groceries,Customer_098,Card,1152.6,7.0,0.119,7108.08,5554.98,1553.1
S0659,2026-07-28,Colombo,Western,P015,Chocolate,Snacks,Customer_031,Card,416.76,8.0,0.075,3084.02,2215.67,868.35
S0660,2026-07-09,Galle,Southern,P004,Mineral Water,Beverages,Customer_085,Mobile Wallet,536.89,8.0,0.169,3569.24,2562.36,1006.88
S0661,2026-07-08,Kandy,Central,P020,Soap,Household,Customer_085,Cash,801.18,10.0,0.112,7114.48,6018.23,1096.25
S0662,2026-07-06,Galle,Southern,P018,Dish Wash,Household,Customer_070,Cash,241.72,6.0,0.056,1369.1,982.55,386.55
S0663,2026-07-11,Jaffna,Northern,P003,Fruit Juice,Beverages,Customer_050,Card,353.19,6.0,0.031,2053.45,1560.03,493.42
S0664,2026-07-16,Galle,Southern,P002,Pepsi,Beverages,Customer_005,Online,626.51,7.0,0.018,4306.63,3349.77,956.86
S0665,2026-07-27,Colombo,Western,P004,Mineral Water,Beverages,Customer_063,Card,301.88,8.0,0.096,2183.2,1800.7,382.5
S0666,2026-07-24,Jaffna,Northern,P010,Yogurt,Dairy,Customer_068,Mobile Wallet,360.5,3.0,0.112,960.37,744.04,216.33
S0667,2026-07-15,Colombo,Western,P001,Coca Cola,Beverages,Customer_099,Card,498.54,1.0,0.085,456.16,322.53,133.63
S0668,2026-07-08,Kurunegala,North Western,P004,Mineral Water,Beverages,Customer_072,Online,507.71,7.0,0.048,3383.38,2682.89,700.49
S0669,2026-07-22,Kurunegala,North Western,P016,Nuts,Snacks,Customer_022,Cash,798.36,3.0,0.129,2086.11,1711.22,374.89
S0670,2026-07-07,Galle,Southern,P020,Soap,Household,Customer_087,Card,244.21,6.0,0.15,1245.47,965.74,279.73
S0671,2026-07-29,Colombo,Western,P015,Chocolate,Snacks,Customer_048,Online,262.74,9.0,0.028,2298.45,1809.05,489.4
S0672,2026-07-01,Kandy,Central,P002,Pepsi,Beverages,Customer_020,Online,554.71,1.0,0.123,486.48,339.56,146.92
S0673,2026-07-09,Kurunegala,North Western,P017,Detergent,Household,Customer_046,Card,561.16,5.0,0.07,2609.39,2096.42,512.97
S0674,2026-07-30,Galle,Southern,P018,Dish Wash,Household,Customer_089,Online,1414.97,1.0,0.156,1194.23,884.89,309.34
S0675,2026-07-15,Kurunegala,North Western,P020,Soap,Household,Customer_032,Mobile Wallet,806.24,3.0,0.064,2263.92,1916.53,347.39
S0676,2026-07-16,Jaffna,Northern,P011,Cheese,Dairy,Customer_078,Cash,595.19,8.0,0.072,4418.69,3222.87,1195.82
S0677,2026-07-21,Kandy,Central,P009,Milk,Dairy,Customer_089,Online,592.88,3.0,0.025,1734.17,1520.96,213.21
S0678,2026-07-22,Colombo,Western,P008,Cooking Oil,Groceries,Customer_027,Mobile Wallet,1112.59,7.0,0.056,7351.99,6029.65,1322.34
S0679,2026-07-07,Kurunegala,North Western,P002,Pepsi,Beverages,Customer_013,Card,620.92,5.0,0.119,2735.15,2281.83,453.32
S0680,2026-07-17,Galle,Southern,P016,Nuts,Snacks,Customer_071,Online,257.92,8.0,0.146,1762.11,1202.76,559.35
S0681,2026-07-18,Colombo,Western,P018,Dish Wash,Household,Customer_007,Card,847.79,6.0,0.158,4283.04,3241.21,1041.83
S0682,2026-07-27,Kurunegala,North Western,P005,Rice,Groceries,Customer_019,Mobile Wallet,1728.99,10.0,0.13,15042.21,11781.02,3261.19
S0683,2026-07-29,Jaffna,Northern,P012,Butter,Dairy,Customer_021,Card,223.75,5.0,0.189,907.31,768.27,139.04
S0684,2026-07-25,Kurunegala,North Western,P007,Dhal,Groceries,Customer_099,Card,1263.61,7.0,0.056,8349.93,6301.6,2048.33
S0685,2026-07-24,Kurunegala,North Western,P007,Dhal,Groceries,Customer_061,Card,193.25,3.0,0.063,543.23,449.01,94.22
S0686,2026-07-23,Jaffna,Northern,P001,Coca Cola,Beverages,Customer_026,Mobile Wallet,599.13,3.0,0.097,1623.04,1249.01,374.03
S0687,2026-07-07,Galle,Southern,P013,Biscuits,Snacks,Customer_092,Cash,501.56,7.0,0.057,3310.8,2350.75,960.05
S0688,2026-07-04,Colombo,Western,P020,Soap,Household,Customer_031,Card,1058.23,4.0,0.189,3432.9,2846.17,586.73
S0689,2026-07-29,Colombo,Western,P005,Rice,Groceries,Customer_071,Card,976.69,7.0,0.145,5845.49,4722.83,1122.66
S0690,2026-07-15,Colombo,Western,P019,Tissue,Household,Customer_059,Card,591.14,4.0,0.14,2033.52,1688.05,345.47
S0691,2026-07-07,Colombo,Western,P007,Dhal,Groceries,Customer_093,Online,834.46,3.0,0.028,2433.29,1830.2,603.09
S0692,2026-07-04,Colombo,Western,P007,Dhal,Groceries,Customer_067,Card,1217.77,4.0,0.042,4666.49,3174.78,1491.71
S0693,2026-07-23,Galle,Southern,P003,Fruit Juice,Beverages,Customer_090,Card,462.58,1.0,0.042,443.15,357.7,85.45
S0694,2026-07-20,Kurunegala,North Western,P001,Coca Cola,Beverages,Customer_083,Online,561.12,8.0,0.177,3694.41,2892.17,802.24
S0695,2026-07-23,Galle,Southern,P015,Chocolate,Snacks,Customer_044,Online,601.01,10.0,0.199,4814.09,3743.27,1070.82
S0696,2026-07-17,Kurunegala,North Western,P012,Butter,Dairy,Customer_063,Cash,421.01,7.0,0.081,2708.36,2251.87,456.49
S0697,2026-07-16,Colombo,Western,P003,Fruit Juice,Beverages,Customer_085,Mobile Wallet,221.23,8.0,0.03,1716.74,1291.31,425.43
S0698,2026-07-20,Colombo,Western,P014,Chips,Snacks,Customer_043,Card,898.41,6.0,0.054,5099.38,3862.34,1237.04
S0699,2026-07-09,Galle,Southern,P005,Rice,Groceries,Customer_019,Cash,993.7,1.0,0.089,905.26,760.32,144.94
S0700,2026-07-04,Kandy,Central,P019,Tissue,Household,Customer_021,Card,972.38,4.0,0.023,3800.06,2589.36,1210.7
S0701,2026-07-01,Kurunegala,North Western,P011,Cheese,Dairy,Customer_082,Cash,485.25,6.0,0.052,2760.1,1968.79,791.31
S0702,2026-07-03,Colombo,Western,P013,Biscuits,Snacks,Customer_095,Mobile Wallet,316.07,9.0,0.121,2500.43,2090.93,409.5
S0703,2026-07-09,Kurunegala,North Western,P008,Cooking Oil,Groceries,Customer_033,Cash,1073.66,1.0,0.166,895.43,716.76,178.67
S0704,2026-07-17,Galle,Southern,P007,Dhal,Groceries,Customer_062,Card,680.37,3.0,0.193,1647.18,1182.86,464.32
S0705,2026-07-05,Kandy,Central,P006,Sugar,Groceries,Customer_071,Mobile Wallet,1493.17,5.0,0.156,6301.18,5003.67,1297.51
S0706,2026-07-03,Kurunegala,North Western,P015,Chocolate,Snacks,Customer_027,Card,123.51,10.0,0.055,1167.17,860.73,306.44
S0707,2026-07-09,Kandy,Central,P004,Mineral Water,Beverages,Customer_043,Online,604.41,5.0,0.027,2940.45,2197.16,743.29
S0708,2026-07-19,Kandy,Central,P005,Rice,Groceries,Customer_086,Online,1798.72,2.0,0.109,3205.32,2195.41,1009.91
S0709,2026-07-11,Galle,Southern,P015,Chocolate,Snacks,Customer_010,Cash,674.89,2.0,0.059,1270.14,1042.09,228.05
S0710,2026-07-28,Kandy,Central,P011,Cheese,Dairy,Customer_089,Card,1040.69,1.0,0.149,885.63,749.75,135.88
S0711,2026-07-19,Jaffna,Northern,P002,Pepsi,Beverages,Customer_088,Online,204.09,2.0,0.178,335.52,290.81,44.71
S0712,2026-07-01,Colombo,Western,P011,Cheese,Dairy,Customer_006,Cash,338.47,5.0,0.069,1575.58,1307.93,267.65
S0713,2026-07-31,Galle,Southern,P005,Rice,Groceries,Customer_019,Cash,1193.28,3.0,0.06,3365.05,2761.19,603.86
S0714,2026-07-01,Kandy,Central,P013,Biscuits,Snacks,Customer_094,Mobile Wallet,581.09,5.0,0.105,2600.38,2124.49,475.89
S0715,2026-07-25,Kandy,Central,P007,Dhal,Groceries,Customer_068,Online,1219.53,1.0,0.008,1209.77,1061.24,148.53
S0716,2026-07-16,Galle,Southern,P011,Cheese,Dairy,Customer_099,Card,406.61,4.0,0.151,1380.85,1146.05,234.8
S0717,2026-07-04,Kandy,Central,P018,Dish Wash,Household,Customer_088,Cash,172.62,1.0,0.181,141.38,111.47,29.91
S0718,2026-07-25,Galle,Southern,P008,Cooking Oil,Groceries,Customer_076,Card,194.45,5.0,0.005,967.39,661.35,306.04
S0719,2026-07-05,Colombo,Western,P001,Coca Cola,Beverages,Customer_056,Card,374.04,8.0,0.051,2839.71,2193.34,646.37
S0720,2026-07-12,Colombo,Western,P014,Chips,Snacks,Customer_057,Mobile Wallet,513.41,7.0,0.149,3058.38,2573.25,485.13
S0721,2026-07-17,Colombo,Western,P001,Coca Cola,Beverages,Customer_039,Online,306.54,4.0,0.002,1223.71,835.41,388.3
S0722,2026-07-26,Colombo,Western,P008,Cooking Oil,Groceries,Customer_024,Online,1707.4,2.0,0.161,2865.02,2442.27,422.75
S0723,2026-07-28,Galle,Southern,P015,Chocolate,Snacks,Customer_019,Card,414.89,1.0,0.187,337.31,254.97,82.34
S0724,2026-07-26,Kandy,Central,P007,Dhal,Groceries,Customer_080,Online,389.33,4.0,0.198,1248.97,1046.67,202.3
S0725,2026-07-21,Galle,Southern,P018,Dish Wash,Household,Customer_028,Mobile Wallet,1296.75,10.0,0.063,12150.55,9305.67,2844.88
S0726,2026-07-21,Colombo,Western,P009,Milk,Dairy,Customer_010,Card,535.64,3.0,0.193,1296.78,936.03,360.75
S0727,2026-07-03,Kandy,Central,P012,Butter,Dairy,Customer_059,Cash,1025.75,4.0,0.058,3865.03,3111.79,753.24
S0728,2026-07-27,Jaffna,Northern,P016,Nuts,Snacks,Customer_004,Card,566.17,8.0,0.093,4108.13,2815.8,1292.33
S0729,2026-07-09,Colombo,Western,P001,Coca Cola,Beverages,Customer_023,Online,539.76,1.0,0.015,531.66,454.28,77.38
S0730,2026-07-31,Kandy,Central,P007,Dhal,Groceries,Customer_081,Card,1739.06,6.0,0.123,9150.93,7759.22,1391.71
S0731,2026-07-21,Colombo,Western,P018,Dish Wash,Household,Customer_011,Mobile Wallet,408.87,4.0,0.085,1496.46,1045.22,451.24
S0732,2026-07-18,Colombo,Western,P003,Fruit Juice,Beverages,Customer_031,Mobile Wallet,608.6,10.0,0.065,5690.41,4277.38,1413.03
S0733,2026-07-01,Kandy,Central,P004,Mineral Water,Beverages,Customer_032,Card,363.35,8.0,0.055,2746.93,2204.76,542.17
S0734,2026-07-27,Colombo,Western,P001,Coca Cola,Beverages,Customer_090,Mobile Wallet,615.88,2.0,0.069,1146.77,920.15,226.62
S0735,2026-07-02,Jaffna,Northern,P010,Yogurt,Dairy,Customer_085,Cash,749.15,6.0,0.095,4067.88,3327.58,740.3
S0736,2026-07-26,Kurunegala,North Western,P006,Sugar,Groceries,Customer_070,Mobile Wallet,448.9,10.0,0.117,3963.79,3331.71,632.08
S0737,2026-07-14,Colombo,Western,P011,Cheese,Dairy,Customer_061,Card,255.87,7.0,0.078,1651.38,1378.76,272.62
S0738,2026-07-18,Kandy,Central,P010,Yogurt,Dairy,Customer_098,Cash,496.91,1.0,0.094,450.2,395.72,54.48
S0739,2026-07-09,Jaffna,Northern,P018,Dish Wash,Household,Customer_051,Online,1386.66,3.0,0.119,3664.94,2972.41,692.53
S0740,2026-07-31,Kurunegala,North Western,P001,Coca Cola,Beverages,Customer_046,Card,486.6,2.0,0.191,787.32,595.04,192.28
S0741,2026-07-21,Kurunegala,North Western,P015,Chocolate,Snacks,Customer_074,Mobile Wallet,838.52,1.0,0.097,757.18,608.43,148.75
S0742,2026-07-18,Kurunegala,North Western,P019,Tissue,Household,Customer_008,Cash,961.25,5.0,0.187,3907.48,3000.4,907.08
S0743,2026-07-28,Jaffna,Northern,P013,Biscuits,Snacks,Customer_085,Card,463.74,3.0,0.127,1214.54,956.61,257.93
S0744,2026-07-10,Galle,Southern,P006,Sugar,Groceries,Customer_064,Card,772.24,2.0,0.04,1482.7,1175.66,307.04
S0745,2026-07-19,Jaffna,Northern,P002,Pepsi,Beverages,Customer_016,Cash,550.17,1.0,0.073,510.01,396.13,113.88
S0746,2026-07-29,Galle,Southern,P008,Cooking Oil,Groceries,Customer_098,Card,713.22,4.0,0.108,2544.77,2011.6,533.17
S0747,2026-07-02,Kurunegala,North Western,P004,Mineral Water,Beverages,Customer_056,Cash,334.43,2.0,0.176,551.14,415.27,135.87
S0748,2026-07-18,Galle,Southern,P005,Rice,Groceries,Customer_030,Card,512.07,9.0,0.023,4502.63,3338.74,1163.89
S0749,2026-07-08,Jaffna,Northern,P002,Pepsi,Beverages,Customer_074,Card,120.7,9.0,0.134,940.74,747.3,193.44
S0750,2026-07-11,Kurunegala,North Western,P013,Biscuits,Snacks,Customer_015,Card,496.99,10.0,0.2,3975.92,2873.1,1102.82
S0751,2026-07-17,Kandy,Central,P014,Chips,Snacks,Customer_099,Card,231.41,2.0,0.154,391.55,296.89,94.66
S0752,2026-07-23,Colombo,Western,P020,Soap,Household,Customer_082,Card,178.55,7.0,0.01,1237.35,1071.27,166.08
S0753,2026-07-07,Galle,Southern,P019,Tissue,Household,Customer_084,Cash,198.67,9.0,0.104,1602.07,1116.65,485.42
S0754,2026-07-24,Jaffna,Northern,P014,Chips,Snacks,Customer_017,Online,876.46,4.0,0.148,2986.98,2105.64,881.34
S0755,2026-07-21,Colombo,Western,P008,Cooking Oil,Groceries,Customer_087,Cash,1463.52,10.0,0.0,14635.2,11927.98,2707.22
S0756,2026-07-23,Colombo,Western,P009,Milk,Dairy,Customer_037,Cash,301.79,10.0,0.036,2909.26,2498.55,410.71
S0757,2026-07-22,Galle,Southern,P004,Mineral Water,Beverages,Customer_062,Mobile Wallet,270.03,9.0,0.081,2233.42,1931.37,302.05
S0758,2026-07-22,Galle,Southern,P011,Cheese,Dairy,Customer_016,Card,502.07,4.0,0.14,1727.12,1453.77,273.35
S0759,2026-07-26,Colombo,Western,P009,Milk,Dairy,Customer_093,Mobile Wallet,275.49,6.0,0.053,1565.33,1164.57,400.76
S0760,2026-07-29,Colombo,Western,P018,Dish Wash,Household,Customer_009,Card,982.48,2.0,0.163,1644.67,1292.36,352.31
S0761,2026-07-31,Kandy,Central,P009,Milk,Dairy,Customer_085,Online,371.88,5.0,0.067,1734.82,1422.76,312.06
S0762,2026-07-12,Kurunegala,North Western,P004,Mineral Water,Beverages,Customer_076,Cash,499.35,6.0,0.192,2420.85,1771.26,649.59
S0763,2026-07-05,Galle,Southern,P012,Butter,Dairy,Customer_056,Online,951.49,3.0,0.105,2554.75,2218.84,335.91
S0764,2026-07-16,Jaffna,Northern,P004,Mineral Water,Beverages,Customer_056,Cash,577.44,2.0,0.148,983.96,813.56,170.4
S0765,2026-07-22,Jaffna,Northern,P005,Rice,Groceries,Customer_011,Mobile Wallet,1169.32,1.0,0.184,954.17,811.35,142.82
S0766,2026-07-26,Colombo,Western,P015,Chocolate,Snacks,Customer_080,Mobile Wallet,699.29,9.0,0.194,5072.65,3817.82,1254.83
S0767,2026-07-23,Colombo,Western,P001,Coca Cola,Beverages,Customer_004,Mobile Wallet,392.35,1.0,0.046,374.3,265.0,109.3
S0768,2026-07-28,Jaffna,Northern,P011,Cheese,Dairy,Customer_074,Online,915.04,9.0,0.15,7000.06,5079.08,1920.98
S0769,2026-07-15,Galle,Southern,P008,Cooking Oil,Groceries,Customer_069,Card,842.78,6.0,0.198,4055.46,3121.17,934.29
S0770,2026-07-04,Kurunegala,North Western,P001,Coca Cola,Beverages,Customer_089,Card,379.58,1.0,0.099,342.0,277.35,64.65
S0771,2026-07-09,Colombo,Western,P015,Chocolate,Snacks,Customer_039,Cash,505.64,1.0,0.19,409.57,296.8,112.77
S0772,2026-07-01,Galle,Southern,P011,Cheese,Dairy,Customer_071,Mobile Wallet,382.84,1.0,0.185,312.01,245.83,66.18
S0773,2026-07-01,Kandy,Central,P001,Coca Cola,Beverages,Customer_066,Online,356.44,1.0,0.144,305.11,234.33,70.78
S0774,2026-07-07,Kandy,Central,P003,Fruit Juice,Beverages,Customer_014,Online,362.48,5.0,0.004,1805.15,1457.66,347.49
S0775,2026-07-26,Kandy,Central,P010,Yogurt,Dairy,Customer_077,Online,759.31,5.0,0.048,3614.32,2476.34,1137.98
S0776,2026-07-30,Kandy,Central,P016,Nuts,Snacks,Customer_010,Card,228.25,8.0,0.174,1508.28,1271.55,236.73
S0777,2026-07-08,Galle,Southern,P004,Mineral Water,Beverages,Customer_015,Online,201.19,6.0,0.105,1080.39,846.57,233.82
S0778,2026-07-10,Kurunegala,North Western,P015,Chocolate,Snacks,Customer_060,Card,883.3,8.0,0.138,6091.24,4155.69,1935.55
S0779,2026-07-04,Kandy,Central,P002,Pepsi,Beverages,Customer_060,Card,333.59,10.0,0.073,3092.38,2225.43,866.95
S0780,2026-07-24,Kandy,Central,P003,Fruit Juice,Beverages,Customer_036,Cash,533.05,3.0,0.037,1539.98,1119.74,420.24
S0781,2026-07-26,Colombo,Western,P001,Coca Cola,Beverages,Customer_003,Cash,193.68,7.0,0.199,1085.96,752.09,333.87
S0782,2026-07-19,Jaffna,Northern,P015,Chocolate,Snacks,Customer_088,Mobile Wallet,548.07,10.0,0.139,4718.88,3321.4,1397.48
S0783,2026-07-28,Kandy,Central,P004,Mineral Water,Beverages,Customer_087,Card,534.19,3.0,0.196,1288.47,951.32,337.15
S0784,2026-07-12,Colombo,Western,P019,Tissue,Household,Customer_004,Card,702.95,1.0,0.158,591.88,407.3,184.58
S0785,2026-07-21,Kurunegala,North Western,P003,Fruit Juice,Beverages,Customer_069,Card,320.87,1.0,0.107,286.54,214.47,72.07
S0786,2026-07-26,Galle,Southern,P006,Sugar,Groceries,Customer_090,Online,1233.91,8.0,0.191,7985.87,6156.79,1829.08
S0787,2026-07-16,Colombo,Western,P006,Sugar,Groceries,Customer_054,Cash,673.93,4.0,0.056,2544.76,1929.97,614.79
S0788,2026-07-31,Colombo,Western,P016,Nuts,Snacks,Customer_043,Cash,606.47,1.0,0.033,586.46,479.44,107.02
S0789,2026-07-10,Colombo,Western,P003,Fruit Juice,Beverages,Customer_056,Online,364.83,8.0,0.083,2676.39,2227.01,449.38
S0790,2026-07-15,Colombo,Western,P018,Dish Wash,Household,Customer_065,Mobile Wallet,626.11,6.0,0.051,3565.07,2821.25,743.82
S0791,2026-07-14,Kurunegala,North Western,P007,Dhal,Groceries,Customer_015,Online,1490.6,5.0,0.193,6014.57,4643.75,1370.82
S0792,2026-07-18,Kandy,Central,P016,Nuts,Snacks,Customer_086,Cash,523.78,7.0,0.042,3512.47,2432.9,1079.57
S0793,2026-07-30,Kandy,Central,P012,Butter,Dairy,Customer_083,Online,1014.15,3.0,0.139,2619.55,1981.93,637.62
S0794,2026-07-14,Kandy,Central,P019,Tissue,Household,Customer_022,Online,490.79,2.0,0.11,873.61,689.01,184.6
S0795,2026-07-15,Colombo,Western,P006,Sugar,Groceries,Customer_007,Mobile Wallet,573.34,2.0,0.092,1041.19,827.94,213.25
S0796,2026-07-08,Colombo,Western,P006,Sugar,Groceries,Customer_068,Card,1171.97,4.0,0.126,4097.21,3557.81,539.4
S0797,2026-07-11,Colombo,Western,P009,Milk,Dairy,Customer_044,Card,439.65,1.0,0.105,393.49,341.56,51.93
S0798,2026-07-30,Jaffna,Northern,P002,Pepsi,Beverages,Customer_064,Mobile Wallet,527.08,9.0,0.181,3885.11,3265.53,619.58
S0799,2026-07-13,Galle,Southern,P008,Cooking Oil,Groceries,Customer_020,Mobile Wallet,802.04,9.0,0.025,7037.9,4906.88,2131.02
S0800,2026-07-31,Colombo,Western,P013,Biscuits,Snacks,Customer_019,Card,563.4,10.0,0.029,5470.61,4512.15,958.46
S0801,2026-07-01,Jaffna,Northern,P004,Mineral Water,Beverages,Customer_018,Mobile Wallet,489.99,8.0,0.199,3139.86,2201.79,938.07
S0802,2026-07-12,Kandy,Central,P013,Biscuits,Snacks,Customer_056,Online,659.33,6.0,0.18,3243.9,2833.17,410.73
S0803,2026-07-12,Kandy,Central,P007,Dhal,Groceries,Customer_089,Cash,1744.51,2.0,0.178,2867.97,2082.86,785.11
S0804,2026-07-26,Jaffna,Northern,P018,Dish Wash,Household,Customer_012,Online,829.33,3.0,0.109,2216.8,1854.29,362.51
S0805,2026-07-02,Colombo,Western,P011,Cheese,Dairy,Customer_013,Mobile Wallet,533.09,2.0,0.186,867.87,724.88,142.99
S0806,2026-07-14,Kandy,Central,P012,Butter,Dairy,Customer_072,Online,895.97,9.0,0.086,7370.25,6086.44,1283.81
S0807,2026-07-05,Kandy,Central,P011,Cheese,Dairy,Customer_054,Online,634.84,5.0,0.057,2993.27,2101.77,891.5
S0808,2026-07-05,Galle,Southern,P016,Nuts,Snacks,Customer_002,Mobile Wallet,373.95,7.0,0.103,2348.03,2007.02,341.01
S0809,2026-07-02,Colombo,Western,P016,Nuts,Snacks,Customer_003,Cash,543.64,1.0,0.074,503.41,441.96,61.45
S0810,2026-07-08,Colombo,Western,P005,Rice,Groceries,Customer_070,Card,1332.56,7.0,0.182,7630.24,5289.58,2340.66
S0811,2026-07-25,Kandy,Central,P017,Detergent,Household,Customer_067,Online,1120.51,8.0,0.101,8058.71,6082.07,1976.64
S0812,2026-07-11,Kandy,Central,P014,Chips,Snacks,Customer_062,Mobile Wallet,106.08,3.0,0.08,292.78,209.91,82.87
S0813,2026-07-10,Colombo,Western,P005,Rice,Groceries,Customer_064,Cash,307.83,9.0,0.157,2335.51,1822.94,512.57
S0814,2026-07-25,Galle,Southern,P001,Coca Cola,Beverages,Customer_094,Online,319.37,5.0,0.11,1421.2,1122.81,298.39
S0815,2026-07-14,Colombo,Western,P011,Cheese,Dairy,Customer_044,Card,1133.96,4.0,0.129,3950.72,3379.8,570.92
S0816,2026-07-20,Galle,Southern,P016,Nuts,Snacks,Customer_056,Card,764.96,7.0,0.071,4974.53,3891.31,1083.22
S0817,2026-07-13,Galle,Southern,P006,Sugar,Groceries,Customer_049,Mobile Wallet,1722.13,10.0,0.152,14603.66,11518.31,3085.35
S0818,2026-07-23,Colombo,Western,P018,Dish Wash,Household,Customer_051,Cash,1139.94,9.0,0.037,9879.86,7008.7,2871.16
S0819,2026-07-25,Kurunegala,North Western,P006,Sugar,Groceries,Customer_027,Mobile Wallet,672.91,5.0,0.004,3351.09,2783.55,567.54
S0820,2026-07-31,Kurunegala,North Western,P013,Biscuits,Snacks,Customer_001,Cash,312.43,7.0,0.184,1784.6,1422.09,362.51
S0821,2026-07-09,Kandy,Central,P005,Rice,Groceries,Customer_036,Cash,715.1,9.0,0.174,5316.05,4068.59,1247.46
S0822,2026-07-14,Galle,Southern,P004,Mineral Water,Beverages,Customer_100,Cash,353.59,10.0,0.118,3118.66,2560.53,558.13
S0823,2026-07-14,Kurunegala,North Western,P014,Chips,Snacks,Customer_033,Mobile Wallet,877.09,7.0,0.099,5531.81,4122.97,1408.84
S0824,2026-07-27,Kandy,Central,P019,Tissue,Household,Customer_030,Cash,1098.71,5.0,0.139,4729.95,3973.72,756.23
S0825,2026-07-26,Kandy,Central,P005,Rice,Groceries,Customer_085,Mobile Wallet,1279.36,7.0,0.081,8230.12,6193.23,2036.89
S0826,2026-07-29,Kandy,Central,P010,Yogurt,Dairy,Customer_047,Cash,453.66,1.0,0.035,437.78,333.9,103.88
S0827,2026-07-14,Colombo,Western,P003,Fruit Juice,Beverages,Customer_019,Online,241.85,2.0,0.069,450.32,388.72,61.6
S0828,2026-07-26,Kurunegala,North Western,P011,Cheese,Dairy,Customer_054,Cash,1141.21,8.0,0.162,7650.67,5371.51,2279.16
S0829,2026-07-11,Galle,Southern,P019,Tissue,Household,Customer_025,Online,437.52,10.0,0.195,3522.04,2671.54,850.5
S0830,2026-07-06,Kandy,Central,P016,Nuts,Snacks,Customer_087,Online,864.27,3.0,0.023,2533.18,2077.25,455.93
S0831,2026-07-16,Colombo,Western,P015,Chocolate,Snacks,Customer_041,Cash,804.84,1.0,0.185,655.94,493.32,162.62
S0832,2026-07-01,Kurunegala,North Western,P006,Sugar,Groceries,Customer_087,Card,389.98,5.0,0.064,1825.11,1402.08,423.03
S0833,2026-07-23,Colombo,Western,P013,Biscuits,Snacks,Customer_056,Online,832.62,8.0,0.18,5461.99,3774.91,1687.08
S0834,2026-07-01,Galle,Southern,P020,Soap,Household,Customer_039,Cash,359.78,2.0,0.123,631.05,452.85,178.2
S0835,2026-07-19,Kandy,Central,P018,Dish Wash,Household,Customer_006,Cash,1430.21,2.0,0.048,2723.12,2303.91,419.21
S0836,2026-07-04,Colombo,Western,P020,Soap,Household,Customer_099,Card,897.38,6.0,0.042,5158.14,4358.03,800.11
S0837,2026-07-17,Colombo,Western,P003,Fruit Juice,Beverages,Customer_033,Cash,134.35,9.0,0.004,1204.31,878.27,326.04
S0838,2026-07-08,Colombo,Western,P003,Fruit Juice,Beverages,Customer_097,Mobile Wallet,230.38,5.0,0.097,1040.17,726.51,313.66
S0839,2026-07-07,Kandy,Central,P017,Detergent,Household,Customer_021,Mobile Wallet,232.47,2.0,0.15,395.2,343.82,51.38
S0840,2026-07-24,Jaffna,Northern,P006,Sugar,Groceries,Customer_049,Cash,1626.24,10.0,0.083,14912.62,11848.44,3064.18
S0841,2026-07-22,Kandy,Central,P015,Chocolate,Snacks,Customer_017,Cash,820.64,6.0,0.046,4697.34,3664.66,1032.68
S0842,2026-07-08,Colombo,Western,P001,Coca Cola,Beverages,Customer_073,Card,462.36,5.0,0.115,2045.94,1493.49,552.45
S0843,2026-07-01,Kurunegala,North Western,P002,Pepsi,Beverages,Customer_060,Mobile Wallet,533.38,6.0,0.174,2643.43,2286.55,356.88
S0844,2026-07-28,Galle,Southern,P010,Yogurt,Dairy,Customer_052,Mobile Wallet,1062.83,6.0,0.05,6058.13,4749.6,1308.53
S0845,2026-07-15,Kandy,Central,P017,Detergent,Household,Customer_094,Mobile Wallet,230.02,9.0,0.119,1823.83,1349.99,473.84
S0846,2026-07-24,Kandy,Central,P003,Fruit Juice,Beverages,Customer_039,Cash,368.33,3.0,0.12,972.39,779.0,193.39
S0847,2026-07-25,Jaffna,Northern,P012,Butter,Dairy,Customer_094,Online,847.21,4.0,0.155,2863.57,2183.88,679.69
S0848,2026-07-04,Kurunegala,North Western,P008,Cooking Oil,Groceries,Customer_007,Card,864.7,5.0,0.163,3618.77,2709.4,909.37
S0849,2026-07-24,Colombo,Western,P018,Dish Wash,Household,Customer_058,Mobile Wallet,733.38,7.0,0.196,4127.46,3480.33,647.13
S0850,2026-07-01,Kurunegala,North Western,P016,Nuts,Snacks,Customer_089,Card,228.88,7.0,0.099,1443.55,1131.57,311.98
S0851,2026-07-18,Galle,Southern,P007,Dhal,Groceries,Customer_057,Cash,894.94,9.0,0.118,7104.03,6053.36,1050.67
S0852,2026-07-17,Kandy,Central,P005,Rice,Groceries,Customer_013,Mobile Wallet,1130.28,2.0,0.193,1824.27,1318.3,505.97
S0853,2026-07-06,Jaffna,Northern,P018,Dish Wash,Household,Customer_044,Online,903.89,8.0,0.168,6016.29,4805.8,1210.49
S0854,2026-07-14,Colombo,Western,P009,Milk,Dairy,Customer_033,Cash,269.17,6.0,0.037,1555.26,1357.68,197.58
S0855,2026-07-19,Galle,Southern,P018,Dish Wash,Household,Customer_031,Mobile Wallet,343.61,10.0,0.151,2917.25,2299.89,617.36
S0856,2026-07-28,Jaffna,Northern,P005,Rice,Groceries,Customer_009,Mobile Wallet,991.21,1.0,0.051,940.66,744.76,195.9
S0857,2026-07-05,Kurunegala,North Western,P004,Mineral Water,Beverages,Customer_009,Card,334.54,6.0,0.081,1844.65,1363.44,481.21
S0858,2026-07-28,Colombo,Western,P013,Biscuits,Snacks,Customer_100,Cash,832.87,10.0,0.032,8062.18,5898.88,2163.3
S0859,2026-07-03,Jaffna,Northern,P009,Milk,Dairy,Customer_043,Online,1195.51,2.0,0.135,2068.23,1686.24,381.99
S0860,2026-07-09,Galle,Southern,P020,Soap,Household,Customer_034,Online,511.29,10.0,0.012,5051.55,4169.13,882.42
S0861,2026-07-27,Colombo,Western,P011,Cheese,Dairy,Customer_079,Cash,1086.35,9.0,0.185,7968.38,6112.01,1856.37
S0862,2026-07-22,Galle,Southern,P014,Chips,Snacks,Customer_009,Mobile Wallet,629.48,7.0,0.023,4305.01,3496.34,808.67
S0863,2026-07-12,Kurunegala,North Western,P014,Chips,Snacks,Customer_030,Mobile Wallet,550.39,6.0,0.005,3285.83,2564.38,721.45
S0864,2026-07-14,Kandy,Central,P010,Yogurt,Dairy,Customer_006,Online,656.83,3.0,0.194,1588.21,1252.35,335.86
S0865,2026-07-24,Kandy,Central,P010,Yogurt,Dairy,Customer_060,Online,344.08,5.0,0.122,1510.51,1301.35,209.16
S0866,2026-07-10,Galle,Southern,P015,Chocolate,Snacks,Customer_092,Mobile Wallet,200.95,9.0,0.14,1555.35,1199.79,355.56
S0867,2026-07-22,Colombo,Western,P014,Chips,Snacks,Customer_079,Card,358.69,4.0,0.138,1236.76,1031.14,205.62
S0868,2026-07-24,Kurunegala,North Western,P018,Dish Wash,Household,Customer_022,Mobile Wallet,816.57,2.0,0.082,1499.22,1279.73,219.49
S0869,2026-07-29,Jaffna,Northern,P017,Detergent,Household,Customer_005,Online,1063.68,9.0,0.053,9065.74,7727.47,1338.27
S0870,2026-07-15,Jaffna,Northern,P018,Dish Wash,Household,Customer_093,Card,556.36,8.0,0.098,4014.69,3171.07,843.62
S0871,2026-07-20,Jaffna,Northern,P009,Milk,Dairy,Customer_094,Card,272.93,9.0,0.144,2102.65,1822.71,279.94
S0872,2026-07-04,Galle,Southern,P006,Sugar,Groceries,Customer_086,Card,989.31,4.0,0.026,3854.35,2706.4,1147.95
S0873,2026-07-17,Kurunegala,North Western,P005,Rice,Groceries,Customer_015,Online,1196.34,6.0,0.194,5785.5,4454.64,1330.86
S0874,2026-07-03,Kandy,Central,P016,Nuts,Snacks,Customer_055,Online,326.25,1.0,0.123,286.12,234.89,51.23
S0875,2026-07-04,Jaffna,Northern,P016,Nuts,Snacks,Customer_082,Cash,897.95,9.0,0.096,7305.72,6386.0,919.72
S0876,2026-07-27,Kurunegala,North Western,P003,Fruit Juice,Beverages,Customer_048,Card,150.45,4.0,0.101,541.02,382.3,158.72
S0877,2026-07-07,Galle,Southern,P009,Milk,Dairy,Customer_095,Cash,984.87,2.0,0.008,1953.98,1577.37,376.61
S0878,2026-07-21,Kurunegala,North Western,P016,Nuts,Snacks,Customer_071,Mobile Wallet,751.08,3.0,0.078,2077.49,1727.73,349.76
S0879,2026-07-24,Jaffna,Northern,P009,Milk,Dairy,Customer_037,Online,726.1,2.0,0.137,1253.25,899.51,353.74
S0880,2026-07-27,Kurunegala,North Western,P013,Biscuits,Snacks,Customer_065,Online,199.19,6.0,0.113,1060.09,791.79,268.3
S0881,2026-07-19,Colombo,Western,P015,Chocolate,Snacks,Customer_060,Mobile Wallet,553.3,4.0,0.168,1841.38,1329.14,512.24
S0882,2026-07-08,Galle,Southern,P010,Yogurt,Dairy,Customer_035,Card,722.41,7.0,0.026,4925.39,3739.4,1185.99
S0883,2026-07-08,Kandy,Central,P017,Detergent,Household,Customer_008,Mobile Wallet,386.82,8.0,0.08,2847.0,2406.45,440.55
S0884,2026-07-11,Kurunegala,North Western,P009,Milk,Dairy,Customer_050,Card,376.52,8.0,0.087,2750.1,2230.53,519.57
S0885,2026-07-02,Colombo,Western,P012,Butter,Dairy,Customer_026,Card,180.42,3.0,0.177,445.46,316.37,129.09
S0886,2026-07-17,Jaffna,Northern,P006,Sugar,Groceries,Customer_096,Card,1261.47,5.0,0.055,5960.45,5089.05,871.4
S0887,2026-07-09,Galle,Southern,P002,Pepsi,Beverages,Customer_040,Card,350.63,9.0,0.117,2786.46,2034.14,752.32
S0888,2026-07-16,Kandy,Central,P015,Chocolate,Snacks,Customer_077,Card,388.07,5.0,0.075,1794.82,1548.95,245.87
S0889,2026-07-08,Jaffna,Northern,P001,Coca Cola,Beverages,Customer_059,Mobile Wallet,479.78,5.0,0.11,2135.02,1530.98,604.04
S0890,2026-07-07,Colombo,Western,P004,Mineral Water,Beverages,Customer_023,Online,337.96,1.0,0.045,322.75,222.74,100.01
S0891,2026-07-26,Jaffna,Northern,P007,Dhal,Groceries,Customer_064,Card,1622.6,7.0,0.079,10460.9,8994.61,1466.29
S0892,2026-07-29,Galle,Southern,P012,Butter,Dairy,Customer_073,Online,838.88,7.0,0.022,5742.97,4573.44,1169.53
S0893,2026-07-27,Galle,Southern,P005,Rice,Groceries,Customer_024,Online,806.19,1.0,0.099,726.38,528.21,198.17
S0894,2026-07-24,Jaffna,Northern,P008,Cooking Oil,Groceries,Customer_001,Online,223.08,4.0,0.024,870.9,699.44,171.46
S0895,2026-07-09,Galle,Southern,P010,Yogurt,Dairy,Customer_061,Mobile Wallet,951.94,7.0,0.18,5464.14,4085.56,1378.58
S0896,2026-07-05,Colombo,Western,P014,Chips,Snacks,Customer_037,Mobile Wallet,371.76,5.0,0.112,1650.61,1147.81,502.8
S0897,2026-07-24,Jaffna,Northern,P009,Milk,Dairy,Customer_072,Online,883.83,9.0,0.121,6991.98,5823.35,1168.63
S0898,2026-07-11,Kandy,Central,P018,Dish Wash,Household,Customer_010,Card,1131.54,8.0,0.026,8816.96,7715.82,1101.14
S0899,2026-07-07,Kurunegala,North Western,P020,Soap,Household,Customer_091,Card,702.53,9.0,0.182,5172.03,4292.44,879.59
S0900,2026-07-09,Colombo,Western,P001,Coca Cola,Beverages,Customer_076,Online,477.3,8.0,0.063,3577.84,2983.65,594.19
S0901,2026-07-31,Kandy,Central,P009,Milk,Dairy,Customer_042,Card,1073.65,5.0,0.112,4767.01,3329.57,1437.44
S0902,2026-07-09,Colombo,Western,P020,Soap,Household,Customer_050,Online,1202.42,9.0,0.1,9739.6,8075.91,1663.69
S0903,2026-07-17,Colombo,Western,P004,Mineral Water,Beverages,Customer_086,Online,400.33,3.0,0.007,1192.58,817.9,374.68
S0904,2026-07-19,Jaffna,Northern,P017,Detergent,Household,Customer_081,Online,1475.88,5.0,0.102,6626.7,4905.83,1720.87
S0905,2026-07-06,Galle,Southern,P006,Sugar,Groceries,Customer_033,Online,805.63,10.0,0.061,7564.87,5782.67,1782.2
S0906,2026-07-15,Colombo,Western,P018,Dish Wash,Household,Customer_055,Online,1358.18,7.0,0.137,8204.77,6801.34,1403.43
S0907,2026-07-11,Colombo,Western,P014,Chips,Snacks,Customer_049,Mobile Wallet,473.91,5.0,0.15,2014.12,1642.08,372.04
S0908,2026-07-12,Colombo,Western,P017,Detergent,Household,Customer_084,Mobile Wallet,1130.18,2.0,0.095,2045.63,1452.98,592.65
S0909,2026-07-02,Galle,Southern,P019,Tissue,Household,Customer_058,Cash,754.09,4.0,0.046,2877.61,2257.04,620.57
S0910,2026-07-05,Galle,Southern,P010,Yogurt,Dairy,Customer_003,Online,646.54,6.0,0.149,3301.23,2257.41,1043.82
S0911,2026-07-20,Kandy,Central,P002,Pepsi,Beverages,Customer_080,Cash,337.65,1.0,0.088,307.94,217.85,90.09
S0912,2026-07-10,Galle,Southern,P010,Yogurt,Dairy,Customer_025,Mobile Wallet,915.61,4.0,0.119,3226.61,2283.47,943.14
S0913,2026-07-09,Galle,Southern,P009,Milk,Dairy,Customer_071,Online,564.47,2.0,0.137,974.28,697.29,276.99
S0914,2026-07-19,Jaffna,Northern,P018,Dish Wash,Household,Customer_044,Online,610.2,6.0,0.055,3459.83,2870.31,589.52
S0915,2026-07-21,Galle,Southern,P006,Sugar,Groceries,Customer_009,Card,1257.21,5.0,0.114,5569.44,4442.29,1127.15
S0916,2026-07-08,Galle,Southern,P002,Pepsi,Beverages,Customer_031,Cash,368.09,8.0,0.023,2876.99,1987.36,889.63
S0917,2026-07-23,Colombo,Western,P013,Biscuits,Snacks,Customer_064,Card,702.98,1.0,0.16,590.5,456.96,133.54
S0918,2026-07-04,Galle,Southern,P007,Dhal,Groceries,Customer_005,Mobile Wallet,1031.55,10.0,0.008,10232.98,8783.5,1449.48
S0919,2026-07-11,Colombo,Western,P003,Fruit Juice,Beverages,Customer_089,Cash,626.67,1.0,0.15,532.67,375.71,156.96
S0920,2026-07-02,Kurunegala,North Western,P008,Cooking Oil,Groceries,Customer_029,Card,1751.1,1.0,0.037,1686.31,1447.79,238.52
S0921,2026-07-22,Kurunegala,North Western,P017,Detergent,Household,Customer_086,Online,596.02,3.0,0.152,1516.27,1095.78,420.49
S0922,2026-07-27,Kurunegala,North Western,P012,Butter,Dairy,Customer_080,Cash,768.18,2.0,0.084,1407.31,1236.68,170.63
S0923,2026-07-23,Galle,Southern,P018,Dish Wash,Household,Customer_074,Mobile Wallet,520.1,4.0,0.135,1799.55,1488.5,311.05
S0924,2026-07-13,Colombo,Western,P019,Tissue,Household,Customer_014,Card,1140.22,7.0,0.09,7263.2,4975.8,2287.4
S0925,2026-07-31,Jaffna,Northern,P002,Pepsi,Beverages,Customer_077,Cash,584.54,5.0,0.04,2805.79,2079.4,726.39
S0926,2026-07-03,Kurunegala,North Western,P004,Mineral Water,Beverages,Customer_004,Online,499.91,2.0,0.182,817.85,588.51,229.34
S0927,2026-07-23,Galle,Southern,P019,Tissue,Household,Customer_089,Cash,722.62,7.0,0.125,4426.05,3793.76,632.29
S0928,2026-07-26,Galle,Southern,P009,Milk,Dairy,Customer_047,Cash,1056.87,9.0,0.071,8836.49,6706.81,2129.68
S0929,2026-07-17,Colombo,Western,P010,Yogurt,Dairy,Customer_090,Mobile Wallet,898.67,3.0,0.023,2634.0,2284.71,349.29
S0930,2026-07-03,Galle,Southern,P016,Nuts,Snacks,Customer_092,Online,134.68,3.0,0.002,403.23,312.74,90.49
S0931,2026-07-22,Jaffna,Northern,P003,Fruit Juice,Beverages,Customer_078,Card,450.61,6.0,0.035,2609.03,2101.21,507.82
S0932,2026-07-14,Colombo,Western,P007,Dhal,Groceries,Customer_038,Card,331.9,6.0,0.013,1965.51,1497.92,467.59
S0933,2026-07-21,Kandy,Central,P013,Biscuits,Snacks,Customer_029,Online,342.96,3.0,0.085,941.43,820.3,121.13
S0934,2026-07-31,Kandy,Central,P016,Nuts,Snacks,Customer_041,Cash,898.79,7.0,0.078,5800.79,4502.58,1298.21
S0935,2026-07-18,Galle,Southern,P006,Sugar,Groceries,Customer_005,Cash,1207.2,10.0,0.023,11794.34,8217.83,3576.51
S0936,2026-07-14,Colombo,Western,P018,Dish Wash,Household,Customer_015,Cash,1358.14,9.0,0.191,9888.62,6932.5,2956.12
S0937,2026-07-12,Colombo,Western,P014,Chips,Snacks,Customer_005,Cash,797.93,4.0,0.172,2642.74,1919.22,723.52
S0938,2026-07-19,Kurunegala,North Western,P002,Pepsi,Beverages,Customer_042,Mobile Wallet,511.66,3.0,0.104,1375.34,1140.74,234.6
S0939,2026-07-07,Galle,Southern,P014,Chips,Snacks,Customer_002,Mobile Wallet,801.95,1.0,0.129,698.5,600.19,98.31
S0940,2026-07-12,Kandy,Central,P014,Chips,Snacks,Customer_099,Mobile Wallet,325.73,10.0,0.044,3113.98,2219.91,894.07
S0941,2026-07-12,Kandy,Central,P004,Mineral Water,Beverages,Customer_068,Card,417.04,1.0,0.106,372.83,298.81,74.02
S0942,2026-07-17,Kurunegala,North Western,P015,Chocolate,Snacks,Customer_034,Online,314.87,10.0,0.041,3019.6,2647.97,371.63
S0943,2026-07-11,Colombo,Western,P009,Milk,Dairy,Customer_065,Online,571.93,9.0,0.072,4776.76,3498.57,1278.19
S0944,2026-07-12,Kurunegala,North Western,P011,Cheese,Dairy,Customer_098,Card,948.02,5.0,0.13,4123.89,3216.32,907.57
S0945,2026-07-20,Galle,Southern,P015,Chocolate,Snacks,Customer_057,Mobile Wallet,211.27,4.0,0.016,831.56,628.73,202.83
S0946,2026-07-07,Kandy,Central,P020,Soap,Household,Customer_028,Cash,1027.65,4.0,0.026,4003.72,2945.23,1058.49
S0947,2026-07-04,Kandy,Central,P003,Fruit Juice,Beverages,Customer_078,Mobile Wallet,244.93,4.0,0.156,826.88,698.4,128.48
S0948,2026-07-27,Colombo,Western,P011,Cheese,Dairy,Customer_015,Cash,800.55,8.0,0.114,5674.3,4756.03,918.27
S0949,2026-07-11,Galle,Southern,P013,Biscuits,Snacks,Customer_015,Card,165.75,8.0,0.195,1067.43,929.44,137.99
S0950,2026-07-20,Kurunegala,North Western,P003,Fruit Juice,Beverages,Customer_005,Mobile Wallet,336.21,8.0,0.161,2256.64,1655.07,601.57
S0951,2026-07-11,Galle,Southern,P018,Dish Wash,Household,Customer_039,Cash,601.81,6.0,0.112,3206.44,2634.96,571.48
S0952,2026-07-23,Kurunegala,North Western,P005,Rice,Groceries,Customer_037,Online,1605.97,8.0,0.189,10419.53,7394.5,3025.03
S0953,2026-07-28,Kandy,Central,P019,Tissue,Household,Customer_038,Cash,1400.38,7.0,0.145,8381.27,5850.2,2531.07
S0954,2026-07-01,Galle,Southern,P007,Dhal,Groceries,Customer_022,Online,193.52,7.0,0.133,1174.47,913.58,260.89
S0955,2026-07-31,Galle,Southern,P014,Chips,Snacks,Customer_050,Card,452.42,9.0,0.109,3627.96,2963.31,664.65
S0956,2026-07-08,Kurunegala,North Western,P010,Yogurt,Dairy,Customer_055,Online,1106.09,8.0,0.095,8008.09,6654.03,1354.06
S0957,2026-07-06,Kandy,Central,P018,Dish Wash,Household,Customer_043,Cash,1403.07,9.0,0.106,11289.1,9911.5,1377.6
S0958,2026-07-17,Jaffna,Northern,P014,Chips,Snacks,Customer_026,Cash,442.8,6.0,0.164,2221.08,1857.0,364.08
S0959,2026-07-08,Colombo,Western,P014,Chips,Snacks,Customer_041,Mobile Wallet,817.48,3.0,0.123,2150.79,1529.7,621.09
S0960,2026-07-25,Kandy,Central,P014,Chips,Snacks,Customer_009,Card,764.38,3.0,0.037,2208.29,1607.0,601.29
S0961,2026-07-01,Colombo,Western,P013,Biscuits,Snacks,Customer_038,Cash,671.08,5.0,0.155,2835.31,2009.89,825.42
S0962,2026-07-18,Colombo,Western,P008,Cooking Oil,Groceries,Customer_095,Mobile Wallet,957.52,7.0,0.042,6421.13,4615.75,1805.38
S0963,2026-07-22,Colombo,Western,P004,Mineral Water,Beverages,Customer_093,Card,539.98,1.0,0.063,505.96,417.19,88.77
S0964,2026-07-13,Colombo,Western,P013,Biscuits,Snacks,Customer_081,Online,393.77,8.0,0.132,2734.34,1868.28,866.06
S0965,2026-07-30,Kandy,Central,P005,Rice,Groceries,Customer_045,Mobile Wallet,1172.07,8.0,0.012,9264.04,6675.08,2588.96
S0966,2026-07-14,Colombo,Western,P018,Dish Wash,Household,Customer_006,Online,600.51,4.0,0.147,2048.94,1553.49,495.45
S0967,2026-07-24,Jaffna,Northern,P010,Yogurt,Dairy,Customer_065,Cash,990.96,10.0,0.144,8482.62,7015.05,1467.57
S0968,2026-07-03,Galle,Southern,P004,Mineral Water,Beverages,Customer_057,Cash,392.33,9.0,0.094,3199.06,2739.58,459.48
S0969,2026-07-26,Colombo,Western,P012,Butter,Dairy,Customer_082,Mobile Wallet,615.43,9.0,0.174,4575.11,3697.79,877.32
S0970,2026-07-14,Colombo,Western,P017,Detergent,Household,Customer_019,Online,443.42,10.0,0.162,3715.86,2784.17,931.69
S0971,2026-07-09,Colombo,Western,P005,Rice,Groceries,Customer_072,Online,713.78,3.0,0.031,2074.96,1594.49,480.47
S0972,2026-07-01,Galle,Southern,P003,Fruit Juice,Beverages,Customer_088,Cash,325.89,2.0,0.048,620.49,482.9,137.59
S0973,2026-07-13,Kurunegala,North Western,P013,Biscuits,Snacks,Customer_084,Mobile Wallet,211.81,7.0,0.108,1322.54,1125.29,197.25
S0974,2026-07-06,Galle,Southern,P013,Biscuits,Snacks,Customer_027,Mobile Wallet,652.35,2.0,0.094,1182.06,958.18,223.88
S0975,2026-07-06,Galle,Southern,P001,Coca Cola,Beverages,Customer_050,Card,520.17,3.0,0.132,1354.52,1094.67,259.85
S0976,2026-07-07,Jaffna,Northern,P019,Tissue,Household,Customer_003,Mobile Wallet,176.53,8.0,0.181,1156.62,788.85,367.77
S0977,2026-07-20,Colombo,Western,P012,Butter,Dairy,Customer_004,Mobile Wallet,1079.95,7.0,0.052,7166.55,5999.89,1166.66
S0978,2026-07-26,Kurunegala,North Western,P002,Pepsi,Beverages,Customer_029,Online,323.14,6.0,0.061,1820.57,1543.2,277.37
S0979,2026-07-13,Kandy,Central,P019,Tissue,Household,Customer_083,Mobile Wallet,502.11,3.0,0.118,1328.58,990.19,338.39
S0980,2026-07-02,Kandy,Central,P005,Rice,Groceries,Customer_065,Online,1715.18,5.0,0.048,8164.26,6972.34,1191.92
S0981,2026-07-04,Galle,Southern,P014,Chips,Snacks,Customer_075,Online,598.44,5.0,0.156,2525.42,2171.91,353.51
S0982,2026-07-24,Jaffna,Northern,P007,Dhal,Groceries,Customer_068,Card,1612.71,8.0,0.129,11237.36,9158.6,2078.76
S0983,2026-07-08,Kurunegala,North Western,P004,Mineral Water,Beverages,Customer_020,Mobile Wallet,245.29,4.0,0.006,975.27,771.89,203.38
S0984,2026-07-04,Kandy,Central,P008,Cooking Oil,Groceries,Customer_013,Mobile Wallet,1117.0,3.0,0.01,3317.49,2888.45,429.04
S0985,2026-07-14,Colombo,Western,P012,Butter,Dairy,Customer_065,Online,737.87,10.0,0.189,5984.13,4632.4,1351.73
S0986,2026-07-28,Colombo,Western,P006,Sugar,Groceries,Customer_069,Card,320.77,8.0,0.168,2135.05,1805.13,329.92
S0987,2026-07-16,Kurunegala,North Western,P010,Yogurt,Dairy,Customer_017,Online,869.31,5.0,0.079,4003.17,3133.33,869.84
S0988,2026-07-11,Jaffna,Northern,P016,Nuts,Snacks,Customer_007,Card,126.76,3.0,0.11,338.45,263.25,75.2
S0989,2026-07-14,Kandy,Central,P008,Cooking Oil,Groceries,Customer_004,Mobile Wallet,342.63,10.0,0.074,3172.75,2244.03,928.72
S0990,2026-07-05,Kurunegala,North Western,P002,Pepsi,Beverages,Customer_014,Cash,305.49,8.0,0.087,2231.3,1842.41,388.89
S0991,2026-07-15,Galle,Southern,P017,Detergent,Household,Customer_087,Online,1066.54,6.0,0.197,5138.59,3871.1,1267.49
S0992,2026-07-30,Kandy,Central,P012,Butter,Dairy,Customer_010,Mobile Wallet,823.41,4.0,0.162,2760.07,1957.61,802.46
S0993,2026-07-23,Colombo,Western,P006,Sugar,Groceries,Customer_049,Cash,1363.83,9.0,0.088,11194.32,9372.56,1821.76
S0994,2026-07-19,Kandy,Central,P017,Detergent,Household,Customer_023,Mobile Wallet,329.7,9.0,0.016,2919.82,2056.46,863.36
S0995,2026-07-13,Galle,Southern,P010,Yogurt,Dairy,Customer_077,Card,183.16,6.0,0.03,1065.99,934.72,131.27
S0996,2026-07-30,Kandy,Central,P009,Milk,Dairy,Customer_007,Mobile Wallet,797.36,7.0,0.122,4900.57,4041.1,859.47
S0997,2026-07-11,Colombo,Western,P007,Dhal,Groceries,Customer_050,Online,203.4,7.0,0.052,1349.76,1051.08,298.68
S0998,2026-07-11,Colombo,Western,P010,Yogurt,Dairy,Customer_072,Card,408.84,7.0,0.09,2604.31,1980.11,624.2
S0999,2026-07-20,Galle,Southern,P008,Cooking Oil,Groceries,Customer_017,Card,484.11,6.0,0.175,2396.34,2047.13,349.21
S1000,2026-07-29,Colombo,Western,P020,Premium Imported Product,Household,Customer_056,Mobile Wallet,250000.0,1.0,0.01,247500.0,230000.0,17500.0
